# total_frames:1 beg:0 end:0 stride:1 interaction_types:hp,sb,pc,ps,ts,vdw,hb
# Columns: frame, interaction_type, atom_1, atom_2[, atom_3[, atom_4]]
0	sb	A:ARG:633:NH1	A:ASP:554:OD1
0	sb	A:GLU:540:OE1	A:LYS:667:NZ
0	sb	A:ARG:633:NH1	A:ASP:554:OD2
0	sb	A:GLU:755:OE2	A:LYS:743:NZ
0	sb	A:GLU:540:OE2	A:LYS:667:NZ
0	sb	A:ASP:590:OD2	A:LYS:681:NZ
0	sb	A:ARG:655:NH2	A:GLU:652:OE1
0	sb	A:ARG:655:NH2	A:GLU:652:OE2
0	sb	A:GLU:661:OE1	A:LYS:703:NZ
0	sb	A:GLU:730:OE2	A:LYS:771:NZ
0	sb	A:GLU:661:OE2	A:LYS:703:NZ
0	sb	A:GLU:755:OE1	A:LYS:743:NZ
0	sb	A:ARG:714:NH2	A:GLU:662:OE1
0	sb	A:ARG:714:NH2	A:GLU:662:OE2
0	sb	A:ASP:590:OD2	A:HIS:588:ND1
0	pc	A:ARG:614:NH1	A:TYR:613:CE1
0	pc	A:ARG:614:NH1	A:TRP:610:CD2
0	pc	A:ARG:614:NH2	A:TYR:613:CE1
0	pc	A:LYS:720:NZ	A:TYR:716:CE1
0	pc	A:ARG:633:NH2	A:TYR:548:CE1
0	pc	A:ARG:558:NH2	A:TYR:548:CE1
0	pc	A:ARG:690:NH2	A:PHE:774:CE1
0	pc	A:ARG:558:NH1	A:TYR:548:CE1
0	pc	A:HIS:775:CD2	A:LYS:720:NZ
0	pc	A:HIS:775:ND1	A:TYR:716:CE1
0	pc	A:HIS:645:CD2	A:LYS:644:NZ
0	pc	A:LYS:667:NZ	A:TYR:663:CE1
0	pc	A:HIS:726:CD2	A:LYS:771:NZ
0	pc	A:LYS:667:NZ	A:TRP:577:CD2
0	pc	A:HIS:588:CD2	A:LYS:681:NZ
0	pc	A:HIS:775:NE2	A:TYR:716:CE1
0	pc	A:ARG:633:NH1	A:TYR:548:CE1
0	pc	A:ARG:690:NH1	A:PHE:774:CE1
0	ps	A:TRP:610:CD2	A:TYR:663:CE1
0	vdw	A:ASP:590:CG	A:LYS:681:CE
0	vdw	A:ASP:590:CG	A:LYS:681:NZ
0	vdw	A:ASP:590:CG	A:HIS:588:CE1
0	vdw	A:ASP:590:CG	A:HIS:588:ND1
0	vdw	A:ASP:590:OD2	A:LYS:681:CE
0	vdw	A:ASP:590:OD2	A:LYS:681:NZ
0	vdw	A:ASP:590:OD2	A:HIS:588:ND1
0	vdw	A:ASP:590:CB	A:LYS:681:CE
0	vdw	A:ASP:590:CB	A:LYS:681:NZ
0	vdw	A:LEU:587:O	A:LEU:589:N
0	vdw	A:ASP:590:OD2	A:HIS:588:CE1
0	vdw	A:ASP:591:OD1	A:LYS:681:CD
0	vdw	A:ASP:590:N	A:HIS:588:ND1
0	vdw	A:ASP:590:CB	A:HIS:588:ND1
0	vdw	A:ASP:590:CB	A:LYS:681:CD
0	vdw	A:ASP:591:CG	A:LYS:681:CB
0	vdw	A:ASP:591:OD1	A:LYS:681:CB
0	vdw	A:ASP:591:OD2	A:LYS:681:CB
0	vdw	A:ASN:586:CA	A:GLY:583:O
0	vdw	A:ASN:586:CB	A:GLY:583:O
0	vdw	A:LEU:589:CD1	A:MET:593:CE
0	vdw	A:ASP:591:N	A:LEU:589:C
0	vdw	A:ASP:591:N	A:LEU:589:O
0	vdw	A:ASP:590:N	A:HIS:588:C
0	vdw	A:ASP:590:N	A:HIS:588:O
0	vdw	A:GLN:592:N	A:LEU:589:C
0	vdw	A:GLN:592:N	A:LEU:589:O
0	vdw	A:LEU:589:O	A:MET:593:N
0	vdw	A:LEU:589:O	A:MET:593:CA
0	vdw	A:ASP:590:C	A:GLN:592:N
0	vdw	A:ASP:590:O	A:MET:593:N
0	vdw	A:ASP:590:O	A:THR:594:N
0	vdw	A:ASP:590:O	A:THR:594:CB
0	vdw	A:LEU:589:O	A:MET:593:CG
0	vdw	A:LEU:589:O	A:MET:593:CB
0	vdw	A:ASP:590:O	A:THR:594:CA
0	vdw	A:ASP:590:O	A:THR:594:OG1
0	vdw	A:ASP:591:CG	A:LYS:681:N
0	vdw	A:ASP:591:OD1	A:LYS:681:N
0	vdw	A:ASP:591:CG	A:LEU:680:CB
0	vdw	A:ASP:591:OD1	A:LEU:680:CB
0	vdw	A:LEU:680:C	A:SER:682:N
0	vdw	A:LEU:589:CD1	A:LYS:579:CE
0	vdw	A:LYS:579:CE	A:MET:593:CE
0	vdw	A:GLN:592:CD	A:LEU:587:O
0	vdw	A:GLN:592:CG	A:LEU:587:O
0	vdw	A:GLN:592:NE2	A:LEU:587:O
0	vdw	A:GLN:592:CG	A:HIS:588:O
0	vdw	A:ASP:591:CB	A:HIS:588:O
0	vdw	A:GLN:592:CG	A:PHE:584:O
0	vdw	A:ARG:585:C	A:GLN:592:NE2
0	vdw	A:GLN:592:CG	A:PHE:584:CE2
0	vdw	A:ASP:591:N	A:HIS:588:O
0	vdw	A:ASP:591:CA	A:HIS:588:O
0	vdw	A:GLN:592:N	A:HIS:588:O
0	vdw	A:ASP:591:OD2	A:LYS:681:C
0	vdw	A:ASP:591:OD2	A:SER:682:N
0	vdw	A:ASP:591:OD2	A:SER:682:OG
0	vdw	A:ASP:591:OD2	A:LYS:681:N
0	vdw	A:ASP:591:OD2	A:LYS:681:CA
0	vdw	A:ASP:591:OD2	A:LEU:680:CB
0	vdw	A:GLN:683:N	A:LYS:681:C
0	vdw	A:GLU:684:OE2	A:SER:682:CA
0	vdw	A:GLU:684:N	A:SER:682:C
0	vdw	A:GLU:684:OE2	A:SER:682:C
0	vdw	A:LEU:680:O	A:SER:682:N
0	vdw	A:ARG:585:CB	A:LYS:579:O
0	vdw	A:ARG:585:CB	A:ILE:581:O
0	vdw	A:ARG:585:O	A:GLN:592:NE2
0	vdw	A:ASN:586:N	A:PHE:584:O
0	vdw	A:LEU:587:N	A:PHE:584:O
0	vdw	A:ARG:585:C	A:LEU:587:N
0	vdw	A:LEU:587:CA	A:PHE:584:O
0	vdw	A:LEU:587:CG	A:PHE:584:O
0	vdw	A:ARG:585:N	A:GLY:583:O
0	vdw	A:ASN:586:N	A:GLY:583:O
0	vdw	A:ASN:586:N	A:PHE:584:C
0	vdw	A:ARG:585:N	A:GLY:583:C
0	vdw	A:LEU:587:CB	A:PHE:584:O
0	vdw	A:ARG:585:N	A:ILE:581:O
0	vdw	A:LEU:587:CG	A:LEU:685:CD1
0	vdw	A:LEU:587:CD2	A:LEU:685:CD1
0	vdw	A:ILE:689:CD1	A:LEU:685:CD1
0	vdw	A:LEU:587:CD2	A:SER:682:OG
0	vdw	A:LEU:685:N	A:SER:682:O
0	vdw	A:LEU:685:CB	A:SER:682:O
0	vdw	A:GLU:684:N	A:SER:682:O
0	vdw	A:GLN:683:C	A:LEU:685:N
0	vdw	A:PHE:686:N	A:SER:682:O
0	vdw	A:PHE:686:CB	A:SER:682:O
0	vdw	A:ASP:687:N	A:LEU:685:C
0	vdw	A:GLU:688:N	A:LEU:685:C
0	vdw	A:ILE:689:CD1	A:LEU:685:C
0	vdw	A:GLU:684:C	A:PHE:686:N
0	vdw	A:ARG:585:CG	A:ILE:581:O
0	vdw	A:GLY:583:O	A:ILE:689:CD1
0	vdw	A:ILE:689:CD1	A:LEU:685:CD2
0	vdw	A:GLU:684:O	A:GLU:688:CG
0	vdw	A:GLU:684:O	A:GLU:688:N
0	vdw	A:ASP:687:CB	A:GLU:684:O
0	vdw	A:GLU:684:O	A:PHE:686:N
0	vdw	A:ASP:687:N	A:GLU:684:O
0	vdw	A:GLU:748:C	A:PRO:750:CD
0	vdw	A:LEU:753:CB	A:PHE:749:O
0	vdw	A:GLU:751:N	A:PHE:749:C
0	vdw	A:GLU:751:N	A:PHE:749:O
0	vdw	A:MET:752:N	A:PHE:749:O
0	vdw	A:MET:752:CA	A:PHE:749:O
0	vdw	A:MET:752:CB	A:PHE:749:O
0	vdw	A:LEU:753:N	A:PHE:749:O
0	vdw	A:ILE:757:CD1	A:LEU:753:O
0	vdw	A:GLU:748:O	A:GLU:751:N
0	vdw	A:GLU:748:O	A:GLU:751:CA
0	vdw	A:GLU:748:O	A:GLU:751:CB
0	vdw	A:GLU:748:O	A:MET:752:N
0	vdw	A:GLU:748:C	A:PRO:750:N
0	vdw	A:GLU:748:O	A:PRO:750:N
0	vdw	A:ALA:754:N	A:PRO:750:O
0	vdw	A:MET:752:N	A:PRO:750:C
0	vdw	A:MET:752:N	A:PRO:750:O
0	vdw	A:LEU:753:N	A:PRO:750:C
0	vdw	A:LEU:753:N	A:PRO:750:O
0	vdw	A:GLU:751:C	A:LEU:753:N
0	vdw	A:LEU:753:CB	A:PRO:750:O
0	vdw	A:LEU:753:CA	A:PRO:750:O
0	vdw	A:GLU:751:O	A:GLU:755:N
0	vdw	A:GLU:755:N	A:LEU:753:C
0	vdw	A:GLU:751:O	A:LEU:753:N
0	vdw	A:ALA:754:N	A:MET:752:C
0	vdw	A:GLU:755:N	A:MET:752:C
0	vdw	A:GLU:755:N	A:MET:752:O
0	vdw	A:GLU:755:N	A:LEU:753:O
0	vdw	A:ILE:756:N	A:LEU:753:C
0	vdw	A:GLU:751:O	A:GLU:755:CB
0	vdw	A:GLU:751:O	A:GLU:755:CG
0	vdw	A:ILE:757:CD1	A:LEU:753:C
0	vdw	A:ALA:754:O	A:THR:758:CB
0	vdw	A:ALA:754:O	A:THR:758:OG1
0	vdw	A:ALA:754:C	A:ILE:756:N
0	vdw	A:ALA:754:O	A:ILE:756:N
0	vdw	A:ALA:754:O	A:THR:758:N
0	vdw	A:ALA:754:O	A:THR:758:CA
0	vdw	A:GLU:751:CB	A:ILE:747:CG1
0	vdw	A:GLU:755:O	A:THR:758:CB
0	vdw	A:GLN:597:CA	A:MET:593:O
0	vdw	A:GLN:597:CB	A:MET:593:O
0	vdw	A:GLN:597:N	A:MET:593:O
0	vdw	A:PRO:676:CG	A:THR:594:CG2
0	vdw	A:THR:594:CG2	A:TYR:598:CE1
0	vdw	A:PRO:676:CD	A:THR:594:CG2
0	vdw	A:ASP:678:OD1	A:PRO:676:CB
0	vdw	A:ASP:678:N	A:PRO:676:C
0	vdw	A:ASP:678:N	A:PRO:676:O
0	vdw	A:GLN:592:C	A:THR:594:N
0	vdw	A:GLN:592:O	A:THR:594:N
0	vdw	A:ASP:591:C	A:MET:593:N
0	vdw	A:ASP:591:O	A:MET:593:N
0	vdw	A:ASP:591:O	A:THR:594:N
0	vdw	A:GLN:592:O	A:PHE:584:CZ
0	vdw	A:GLN:592:O	A:LEU:596:N
0	vdw	A:GLN:592:O	A:LEU:595:N
0	vdw	A:LEU:595:N	A:MET:593:C
0	vdw	A:GLN:592:O	A:LEU:596:CB
0	vdw	A:GLN:592:O	A:LEU:596:CG
0	vdw	A:GLN:592:O	A:LEU:596:CD1
0	vdw	A:GLN:592:O	A:LEU:595:CB
0	vdw	A:ASP:591:O	A:THR:594:CB
0	vdw	A:ASP:591:O	A:LEU:595:CD1
0	vdw	A:ASP:591:O	A:LEU:595:N
0	vdw	A:ASP:591:O	A:LEU:595:CB
0	vdw	A:ASP:591:O	A:LEU:595:CG
0	vdw	A:LEU:680:CG	A:VAL:675:CG1
0	vdw	A:LEU:680:CD2	A:PRO:676:CD
0	vdw	A:GLN:683:NE2	A:LEU:680:CG
0	vdw	A:GLN:683:NE2	A:GLY:679:CA
0	vdw	A:GLN:683:NE2	A:GLY:679:C
0	vdw	A:GLN:683:NE2	A:LEU:680:N
0	vdw	A:GLY:679:N	A:PRO:676:O
0	vdw	A:GLY:679:CA	A:PRO:676:O
0	vdw	A:GLY:679:N	A:PRO:676:C
0	vdw	A:GLY:679:N	A:LYS:677:C
0	vdw	A:GLY:679:N	A:LYS:677:O
0	vdw	A:LYS:579:CG	A:VAL:575:O
0	vdw	A:LYS:579:N	A:VAL:575:O
0	vdw	A:LYS:579:CB	A:VAL:575:O
0	vdw	A:ALA:578:CB	A:VAL:575:O
0	vdw	A:TRP:577:N	A:VAL:575:O
0	vdw	A:ALA:578:N	A:VAL:575:O
0	vdw	A:GLN:592:CB	A:PHE:584:CE2
0	vdw	A:GLN:592:CA	A:PHE:584:CZ
0	vdw	A:GLN:592:CB	A:PHE:584:CZ
0	vdw	A:LEU:595:CD1	A:PHE:584:CE1
0	vdw	A:LEU:671:CD2	A:PHE:584:CE1
0	vdw	A:LEU:671:CD2	A:PHE:584:CZ
0	vdw	A:LEU:595:CB	A:PHE:584:CE1
0	vdw	A:LEU:671:CD1	A:PHE:584:CE1
0	vdw	A:LEU:671:CD1	A:PHE:584:CZ
0	vdw	A:ALA:578:CB	A:PHE:584:CE2
0	vdw	A:LEU:587:CD1	A:LEU:595:CD1
0	vdw	A:LEU:595:CD1	A:PHE:686:CD1
0	vdw	A:LEU:595:CD1	A:PHE:686:CE1
0	vdw	A:LEU:680:CD1	A:PHE:686:CB
0	vdw	A:LEU:680:CD1	A:PHE:686:CG
0	vdw	A:LEU:680:CD1	A:PHE:686:CD1
0	vdw	A:ASP:687:OD1	A:GLN:683:OE1
0	vdw	A:GLN:683:OE1	A:PHE:686:CD2
0	vdw	A:GLN:683:NE2	A:VAL:675:CG1
0	vdw	A:ALA:578:C	A:ALA:580:N
0	vdw	A:ALA:578:O	A:ALA:580:N
0	vdw	A:LYS:579:N	A:TRP:577:C
0	vdw	A:LYS:579:N	A:TRP:577:O
0	vdw	A:ALA:580:N	A:TRP:577:O
0	vdw	A:ILE:581:N	A:LYS:579:C
0	vdw	A:ALA:578:C	A:PHE:584:CD2
0	vdw	A:ALA:578:O	A:PHE:584:CD2
0	vdw	A:ALA:578:C	A:ILE:581:N
0	vdw	A:ALA:578:O	A:ILE:581:N
0	vdw	A:ALA:578:O	A:ILE:581:CA
0	vdw	A:ALA:578:O	A:ILE:581:CB
0	vdw	A:ALA:578:O	A:ILE:581:CG1
0	vdw	A:ALA:578:C	A:PHE:584:CE2
0	vdw	A:ALA:578:O	A:PHE:584:CE2
0	vdw	A:LEU:671:CD1	A:PHE:584:CG
0	vdw	A:LEU:671:CD1	A:PHE:584:CD1
0	vdw	A:ILE:581:CB	A:PHE:584:CB
0	vdw	A:GLN:683:O	A:PHE:686:N
0	vdw	A:GLN:683:O	A:PHE:686:CA
0	vdw	A:GLN:683:O	A:PHE:686:CB
0	vdw	A:ASP:687:N	A:GLN:683:O
0	vdw	A:GLU:688:N	A:PHE:686:C
0	vdw	A:ILE:689:N	A:PHE:686:C
0	vdw	A:GLU:688:N	A:PHE:686:O
0	vdw	A:ILE:689:N	A:PHE:686:O
0	vdw	A:ASP:687:N	A:LEU:685:O
0	vdw	A:ARG:690:N	A:PHE:686:O
0	vdw	A:ARG:690:CB	A:PHE:686:O
0	vdw	A:ASP:687:CB	A:GLN:683:O
0	vdw	A:ASP:687:CG	A:GLN:683:O
0	vdw	A:ASP:687:OD1	A:GLN:683:O
0	vdw	A:ASP:687:OD2	A:GLN:683:O
0	vdw	A:ALA:580:CA	A:TRP:577:O
0	vdw	A:ALA:580:CB	A:TRP:577:O
0	vdw	A:ALA:580:C	A:PRO:582:N
0	vdw	A:ALA:580:O	A:PRO:582:N
0	vdw	A:GLY:583:N	A:ILE:581:O
0	vdw	A:ALA:580:O	A:PRO:582:CD
0	vdw	A:ILE:581:O	A:PHE:584:CB
0	vdw	A:ALA:580:C	A:TRP:577:O
0	vdw	A:ILE:581:N	A:TRP:577:O
0	vdw	A:PHE:584:N	A:PRO:582:C
0	vdw	A:PHE:584:N	A:PRO:582:O
0	vdw	A:GLY:583:C	A:ILE:689:CG1
0	vdw	A:GLY:583:C	A:ILE:689:CD1
0	vdw	A:ILE:689:CD1	A:PHE:584:N
0	vdw	A:PRO:582:O	A:TYR:693:OH
0	vdw	A:ILE:689:CB	A:LEU:685:O
0	vdw	A:ILE:689:CG1	A:LEU:685:O
0	vdw	A:ILE:689:CD1	A:LEU:685:O
0	vdw	A:ILE:689:CA	A:THR:692:CG2
0	vdw	A:ILE:689:CA	A:PHE:686:O
0	vdw	A:ILE:689:CB	A:PHE:686:O
0	vdw	A:ILE:689:CG2	A:TYR:693:CE2
0	vdw	A:GLU:688:N	A:LEU:685:O
0	vdw	A:GLU:688:CA	A:LEU:685:O
0	vdw	A:GLU:688:CB	A:LEU:685:O
0	vdw	A:ILE:689:N	A:LEU:685:O
0	vdw	A:ASP:687:C	A:ILE:689:N
0	vdw	A:ARG:690:N	A:GLU:688:C
0	vdw	A:ASP:687:O	A:ILE:689:N
0	vdw	A:PRO:582:CD	A:TYR:693:OH
0	vdw	A:LEU:532:CD1	A:PRO:582:CG
0	vdw	A:GLU:688:O	A:THR:692:CG2
0	vdw	A:GLU:688:C	A:THR:692:CG2
0	vdw	A:GLU:688:O	A:THR:692:N
0	vdw	A:GLU:688:O	A:MET:691:CB
0	vdw	A:GLU:688:O	A:MET:691:N
0	vdw	A:LEU:535:CD2	A:PRO:530:CB
0	vdw	A:LEU:535:CG	A:THR:531:O
0	vdw	A:LEU:753:CD1	A:PHE:749:CE2
0	vdw	A:LEU:753:CD1	A:PHE:749:CZ
0	vdw	A:ILE:747:O	A:THR:744:O
0	vdw	A:ILE:756:CD1	A:MET:752:CG
0	vdw	A:ILE:756:N	A:MET:752:O
0	vdw	A:ILE:756:N	A:LEU:753:O
0	vdw	A:ILE:756:CA	A:LEU:753:O
0	vdw	A:ILE:756:CB	A:LEU:753:O
0	vdw	A:ILE:757:N	A:LEU:753:O
0	vdw	A:GLU:755:CB	A:MET:752:O
0	vdw	A:ILE:756:CG1	A:MET:752:O
0	vdw	A:GLU:755:CA	A:MET:752:O
0	vdw	A:ILE:756:CD1	A:MET:752:O
0	vdw	A:GLU:755:C	A:ILE:757:N
0	vdw	A:GLU:755:C	A:THR:758:N
0	vdw	A:GLU:755:O	A:THR:758:N
0	vdw	A:GLU:755:O	A:THR:758:CA
0	vdw	A:ASN:759:N	A:GLU:755:O
0	vdw	A:ILE:756:C	A:THR:758:N
0	vdw	A:ASN:759:N	A:ILE:756:C
0	vdw	A:ILE:756:O	A:THR:758:N
0	vdw	A:ASN:759:N	A:ILE:756:O
0	vdw	A:ASN:759:CG	A:ILE:756:O
0	vdw	A:GLU:755:O	A:THR:758:C
0	vdw	A:ASN:759:CA	A:ILE:756:O
0	vdw	A:ASN:759:ND2	A:ILE:756:O
0	vdw	A:ASN:759:N	A:ILE:757:C
0	vdw	A:ASN:759:N	A:ILE:757:O
0	vdw	A:ASN:759:CG	A:ILE:757:O
0	vdw	A:ASN:759:ND2	A:ILE:757:O
0	vdw	A:LYS:743:O	A:SER:746:CA
0	vdw	A:ILE:747:CG2	A:LYS:743:O
0	vdw	A:ILE:747:N	A:MET:745:C
0	vdw	A:ILE:747:CG2	A:MET:752:SD
0	vdw	A:GLU:755:CD	A:ILE:747:CD1
0	vdw	A:GLU:755:OE1	A:ILE:747:CD1
0	vdw	A:GLU:755:OE2	A:ILE:747:CD1
0	vdw	A:ILE:747:CD1	A:LYS:743:CE
0	vdw	A:ILE:747:CD1	A:LYS:743:NZ
0	vdw	A:GLU:755:CD	A:LYS:743:NZ
0	vdw	A:GLU:755:OE1	A:LYS:743:CE
0	vdw	A:GLU:755:OE1	A:LYS:743:NZ
0	vdw	A:GLU:755:OE2	A:LYS:743:NZ
0	vdw	A:GLN:597:CA	A:THR:594:O
0	vdw	A:GLN:597:CB	A:THR:594:O
0	vdw	A:TYR:598:CE1	A:VAL:675:C
0	vdw	A:PRO:676:N	A:TYR:598:CE1
0	vdw	A:SER:674:CB	A:TYR:598:CD1
0	vdw	A:ILE:769:CD1	A:TYR:598:CE2
0	vdw	A:ASN:768:O	A:PRO:676:CA
0	vdw	A:ASN:768:O	A:PRO:676:C
0	vdw	A:ASN:768:O	A:LYS:677:N
0	vdw	A:ARG:569:O	A:ILE:572:CA
0	vdw	A:ARG:569:O	A:ILE:572:CB
0	vdw	A:GLY:568:O	A:ILE:572:CG1
0	vdw	A:ALA:574:N	A:ILE:572:C
0	vdw	A:VAL:571:O	A:VAL:575:CG2
0	vdw	A:GLN:597:N	A:LEU:595:C
0	vdw	A:GLN:597:N	A:LEU:595:O
0	vdw	A:LEU:596:N	A:THR:594:C
0	vdw	A:LEU:596:N	A:THR:594:O
0	vdw	A:GLN:597:N	A:THR:594:C
0	vdw	A:GLN:597:N	A:THR:594:O
0	vdw	A:LEU:595:O	A:TYR:598:C
0	vdw	A:LEU:595:O	A:SER:599:N
0	vdw	A:LEU:595:O	A:SER:599:CB
0	vdw	A:LEU:596:C	A:SER:599:N
0	vdw	A:LEU:595:O	A:SER:599:OG
0	vdw	A:LEU:595:O	A:TYR:598:N
0	vdw	A:LEU:596:C	A:TYR:598:N
0	vdw	A:THR:594:O	A:TYR:598:CB
0	vdw	A:THR:594:O	A:TYR:598:CG
0	vdw	A:THR:594:O	A:TYR:598:N
0	vdw	A:LYS:770:O	A:VAL:675:N
0	vdw	A:LYS:770:O	A:VAL:675:O
0	vdw	A:LYS:770:CA	A:VAL:675:O
0	vdw	A:LYS:770:CB	A:VAL:675:O
0	vdw	A:LYS:770:N	A:VAL:675:O
0	vdw	A:ILE:572:O	A:LYS:576:CB
0	vdw	A:ILE:572:O	A:VAL:575:N
0	vdw	A:ILE:572:O	A:LYS:576:N
0	vdw	A:ALA:573:O	A:LYS:576:N
0	vdw	A:ALA:573:O	A:TRP:577:N
0	vdw	A:ALA:573:O	A:TRP:577:CB
0	vdw	A:ALA:574:C	A:LYS:576:N
0	vdw	A:ALA:574:O	A:ALA:578:CB
0	vdw	A:ALA:574:O	A:TRP:577:N
0	vdw	A:ALA:574:O	A:TRP:577:CB
0	vdw	A:ALA:574:O	A:ALA:578:N
0	vdw	A:TRP:577:N	A:VAL:575:C
0	vdw	A:ALA:573:C	A:VAL:575:N
0	vdw	A:VAL:571:O	A:VAL:575:N
0	vdw	A:ALA:574:O	A:TRP:577:CE3
0	vdw	A:ALA:578:CB	A:LEU:596:CD2
0	vdw	A:LEU:671:CD2	A:SER:599:OG
0	vdw	A:LEU:595:CB	A:LEU:671:O
0	vdw	A:LEU:595:CD2	A:SER:674:O
0	vdw	A:PHE:686:CZ	A:VAL:675:CG2
0	vdw	A:PHE:686:CE2	A:VAL:675:CG2
0	vdw	A:LEU:672:O	A:PHE:686:CZ
0	vdw	A:ALA:578:N	A:LYS:576:C
0	vdw	A:ILE:581:CG1	A:TRP:577:O
0	vdw	A:ALA:578:CA	A:ILE:581:CG1
0	vdw	A:LEU:669:O	A:LEU:672:CB
0	vdw	A:ARG:690:CA	A:LEU:672:CD1
0	vdw	A:LEU:672:CB	A:PHE:686:CE1
0	vdw	A:LEU:672:CB	A:PHE:686:CZ
0	vdw	A:LEU:672:CD2	A:PHE:686:CE1
0	vdw	A:LEU:672:CG	A:THR:668:O
0	vdw	A:ILE:539:O	A:PRO:541:N
0	vdw	A:ILE:539:O	A:PRO:541:CD
0	vdw	A:ILE:539:O	A:TRP:577:CD1
0	vdw	A:ILE:539:CD1	A:ILE:581:CD1
0	vdw	A:ILE:539:CG1	A:LEU:535:O
0	vdw	A:ILE:539:CD1	A:TRP:577:NE1
0	vdw	A:ILE:539:CG1	A:LEU:536:O
0	vdw	A:ILE:539:CD1	A:TRP:577:CD1
0	vdw	A:ILE:581:CD1	A:LEU:536:CD2
0	vdw	A:ILE:581:CD1	A:TRP:577:CE2
0	vdw	A:ILE:581:CD1	A:TRP:577:CZ2
0	vdw	A:ILE:581:CG2	A:TYR:693:CZ
0	vdw	A:ILE:581:CG2	A:TYR:693:OH
0	vdw	A:ILE:581:CG2	A:THR:668:CG2
0	vdw	A:THR:668:CG2	A:TYR:693:CE2
0	vdw	A:ILE:689:O	A:TYR:693:CD2
0	vdw	A:ILE:689:C	A:MET:691:N
0	vdw	A:ILE:689:O	A:MET:691:N
0	vdw	A:ILE:689:O	A:TYR:693:N
0	vdw	A:ILE:689:C	A:THR:692:N
0	vdw	A:ILE:689:O	A:THR:692:N
0	vdw	A:THR:668:CG2	A:TYR:693:CD2
0	vdw	A:ARG:690:N	A:ASP:687:O
0	vdw	A:ASP:687:O	A:MET:691:N
0	vdw	A:ARG:690:C	A:THR:692:N
0	vdw	A:ARG:690:O	A:THR:692:N
0	vdw	A:ARG:690:O	A:ILE:694:CG1
0	vdw	A:ARG:690:O	A:ILE:694:CD1
0	vdw	A:ASP:687:O	A:MET:691:CB
0	vdw	A:ARG:690:O	A:ILE:694:N
0	vdw	A:ARG:690:O	A:ILE:694:CB
0	vdw	A:ARG:690:O	A:TYR:693:CA
0	vdw	A:ARG:690:O	A:TYR:693:C
0	vdw	A:LEU:535:O	A:VAL:538:CG2
0	vdw	A:ILE:539:N	A:LEU:535:O
0	vdw	A:GLU:537:C	A:ILE:539:N
0	vdw	A:GLU:537:O	A:ILE:539:N
0	vdw	A:ILE:539:N	A:LEU:536:O
0	vdw	A:GLU:540:N	A:VAL:538:C
0	vdw	A:GLU:540:N	A:VAL:538:O
0	vdw	A:LEU:536:N	A:SER:534:C
0	vdw	A:LEU:536:N	A:SER:534:O
0	vdw	A:GLU:537:N	A:LEU:535:C
0	vdw	A:GLU:537:N	A:LEU:535:O
0	vdw	A:LEU:532:O	A:LEU:536:N
0	vdw	A:LEU:535:O	A:VAL:538:N
0	vdw	A:LEU:536:N	A:VAL:533:C
0	vdw	A:LEU:536:N	A:VAL:533:O
0	vdw	A:LEU:536:CD2	A:THR:668:OG1
0	vdw	A:THR:668:CG2	A:TYR:693:CD1
0	vdw	A:THR:668:CG2	A:TYR:693:CE1
0	vdw	A:MET:691:C	A:TYR:693:N
0	vdw	A:MET:691:O	A:TYR:693:N
0	vdw	A:ILE:694:N	A:THR:692:C
0	vdw	A:ILE:694:N	A:THR:692:O
0	vdw	A:LYS:695:N	A:THR:692:O
0	vdw	A:GLU:696:N	A:THR:692:O
0	vdw	A:GLU:696:CB	A:THR:692:O
0	vdw	A:ARG:690:C	A:TYR:693:N
0	vdw	A:ARG:690:O	A:TYR:693:N
0	vdw	A:THR:668:CG2	A:TYR:693:CG
0	vdw	A:ILE:694:N	A:MET:691:C
0	vdw	A:ILE:694:N	A:MET:691:O
0	vdw	A:ILE:694:CA	A:MET:691:O
0	vdw	A:ILE:694:CB	A:MET:691:O
0	vdw	A:LYS:695:N	A:MET:691:O
0	vdw	A:LYS:695:CB	A:MET:691:O
0	vdw	A:LYS:695:CG	A:MET:691:O
0	vdw	A:SER:534:O	A:VAL:538:CG1
0	vdw	A:LEU:535:N	A:THR:531:O
0	vdw	A:LEU:532:C	A:LEU:535:N
0	vdw	A:LEU:532:O	A:LEU:535:N
0	vdw	A:LEU:532:O	A:LEU:535:CB
0	vdw	A:GLU:537:CB	A:SER:534:O
0	vdw	A:LEU:535:N	A:VAL:533:C
0	vdw	A:LEU:535:N	A:VAL:533:O
0	vdw	A:GLU:537:N	A:SER:534:O
0	vdw	A:GLU:537:CA	A:SER:534:O
0	vdw	A:SER:534:O	A:VAL:538:N
0	vdw	A:THR:531:O	A:VAL:533:N
0	vdw	A:SER:534:N	A:THR:531:O
0	vdw	A:LEU:532:C	A:SER:534:N
0	vdw	A:LEU:532:O	A:SER:534:N
0	vdw	A:LEU:532:O	A:LEU:536:CG
0	vdw	A:GLU:696:CD	A:LEU:532:CB
0	vdw	A:SER:534:CB	A:THR:531:OG1
0	vdw	A:SER:534:OG	A:THR:531:C
0	vdw	A:SER:534:OG	A:THR:531:OG1
0	vdw	A:SER:534:CB	A:THR:531:O
0	vdw	A:SER:534:OG	A:THR:531:O
0	vdw	A:THR:531:C	A:VAL:533:N
0	vdw	A:SER:534:N	A:THR:531:OG1
0	vdw	A:SER:534:CA	A:THR:531:OG1
0	vdw	A:SER:746:N	A:THR:744:O
0	vdw	A:PHE:740:O	A:THR:744:CA
0	vdw	A:PHE:740:O	A:THR:744:CB
0	vdw	A:LEU:741:O	A:THR:744:CA
0	vdw	A:LEU:741:O	A:THR:744:CB
0	vdw	A:LYS:743:CG	A:MET:752:SD
0	vdw	A:SER:746:N	A:THR:744:C
0	vdw	A:ASP:742:O	A:MET:745:N
0	vdw	A:LYS:743:C	A:MET:745:N
0	vdw	A:LYS:743:O	A:MET:745:N
0	vdw	A:ASP:742:O	A:SER:746:N
0	vdw	A:LYS:743:O	A:SER:746:N
0	vdw	A:LEU:741:O	A:MET:745:N
0	vdw	A:LEU:741:O	A:MET:745:CB
0	vdw	A:LEU:741:O	A:MET:745:CG
0	vdw	A:LEU:741:CD2	A:MET:745:CG
0	vdw	A:ASP:742:O	A:THR:744:N
0	vdw	A:ASP:742:O	A:SER:746:CB
0	vdw	A:ASP:742:O	A:SER:746:OG
0	vdw	A:LYS:743:O	A:SER:746:CB
0	vdw	A:ASP:742:C	A:THR:744:N
0	vdw	A:GLN:738:NE2	A:LYS:743:CA
0	vdw	A:LEU:741:O	A:THR:744:N
0	vdw	A:PHE:740:O	A:THR:744:N
0	vdw	A:GLN:738:OE1	A:LYS:743:CD
0	vdw	A:ASN:768:CB	A:LYS:677:CE
0	vdw	A:ASN:768:OD1	A:LYS:677:CE
0	vdw	A:ARG:569:N	A:MET:565:O
0	vdw	A:ARG:569:N	A:LEU:566:C
0	vdw	A:ARG:569:N	A:GLY:567:C
0	vdw	A:ARG:569:N	A:GLY:567:O
0	vdw	A:ARG:569:N	A:LEU:566:O
0	vdw	A:GLY:568:O	A:VAL:571:CB
0	vdw	A:GLY:568:O	A:VAL:571:N
0	vdw	A:GLY:568:O	A:ILE:572:N
0	vdw	A:GLN:570:N	A:GLY:568:C
0	vdw	A:GLN:570:N	A:GLY:568:O
0	vdw	A:TRP:600:CE3	A:VAL:571:CG2
0	vdw	A:MET:604:SD	A:VAL:571:CG2
0	vdw	A:GLY:567:O	A:VAL:571:CB
0	vdw	A:GLY:567:O	A:VAL:571:CG2
0	vdw	A:GLN:597:O	A:TRP:600:CD1
0	vdw	A:LEU:596:O	A:TRP:600:CD1
0	vdw	A:GLN:597:C	A:SER:599:N
0	vdw	A:GLN:597:O	A:SER:599:N
0	vdw	A:LEU:596:O	A:TYR:598:N
0	vdw	A:ILE:769:CG2	A:SER:674:CB
0	vdw	A:ILE:769:C	A:LYS:677:CD
0	vdw	A:ILE:769:O	A:LYS:677:CD
0	vdw	A:ILE:769:O	A:LYS:677:CE
0	vdw	A:ARG:569:CA	A:LEU:566:O
0	vdw	A:ARG:569:CB	A:LEU:566:O
0	vdw	A:ARG:569:C	A:VAL:571:N
0	vdw	A:ARG:569:O	A:ILE:572:N
0	vdw	A:GLN:570:C	A:ILE:572:N
0	vdw	A:GLN:570:O	A:ILE:572:N
0	vdw	A:ALA:573:N	A:ARG:569:O
0	vdw	A:ALA:573:N	A:GLN:570:C
0	vdw	A:ALA:573:N	A:GLN:570:O
0	vdw	A:ALA:573:CA	A:GLN:570:O
0	vdw	A:ALA:573:C	A:GLN:570:O
0	vdw	A:ALA:573:CB	A:GLN:570:O
0	vdw	A:ALA:573:N	A:VAL:571:C
0	vdw	A:ALA:574:N	A:GLN:570:O
0	vdw	A:ALA:574:CA	A:GLN:570:O
0	vdw	A:ALA:574:CB	A:GLN:570:O
0	vdw	A:ALA:574:N	A:VAL:571:C
0	vdw	A:MET:604:SD	A:VAL:571:N
0	vdw	A:ARG:569:C	A:LEU:566:O
0	vdw	A:GLY:567:O	A:VAL:571:N
0	vdw	A:ALA:574:N	A:VAL:571:O
0	vdw	A:ALA:574:CA	A:VAL:571:O
0	vdw	A:ALA:574:CB	A:VAL:571:O
0	vdw	A:LEU:596:O	A:TRP:600:N
0	vdw	A:LEU:596:O	A:TRP:600:CB
0	vdw	A:LEU:596:O	A:SER:599:N
0	vdw	A:LEU:671:CA	A:SER:599:CB
0	vdw	A:LEU:670:O	A:SER:599:CB
0	vdw	A:MET:601:N	A:SER:599:C
0	vdw	A:SER:674:CB	A:TYR:598:CB
0	vdw	A:LYS:770:O	A:SER:674:CA
0	vdw	A:LYS:770:O	A:SER:674:C
0	vdw	A:LYS:770:O	A:SER:674:CB
0	vdw	A:HIS:726:CE1	A:SER:674:OG
0	vdw	A:LEU:772:N	A:LYS:770:O
0	vdw	A:LEU:772:N	A:LYS:770:C
0	vdw	A:ALA:573:N	A:VAL:571:O
0	vdw	A:LEU:603:CD1	A:TRP:577:CZ3
0	vdw	A:LEU:671:CA	A:SER:599:OG
0	vdw	A:LEU:671:CA	A:THR:668:O
0	vdw	A:LEU:670:C	A:LEU:672:N
0	vdw	A:LEU:670:C	A:SER:673:OG
0	vdw	A:LEU:670:O	A:SER:673:N
0	vdw	A:LEU:671:C	A:SER:673:N
0	vdw	A:LEU:672:C	A:SER:674:N
0	vdw	A:LEU:670:O	A:LEU:672:N
0	vdw	A:LEU:669:O	A:LEU:672:C
0	vdw	A:LEU:669:O	A:SER:673:N
0	vdw	A:LEU:670:O	A:SER:673:CB
0	vdw	A:LEU:670:O	A:SER:673:OG
0	vdw	A:LEU:772:CB	A:SER:673:O
0	vdw	A:LEU:672:O	A:LEU:772:CD1
0	vdw	A:HIS:726:NE2	A:SER:673:O
0	vdw	A:LEU:772:N	A:SER:673:O
0	vdw	A:LEU:772:CA	A:SER:673:O
0	vdw	A:HIS:726:CE1	A:SER:673:O
0	vdw	A:LEU:772:CD2	A:LYS:770:CD
0	vdw	A:GLU:540:O	A:GLU:542:N
0	vdw	A:PRO:541:CD	A:TRP:577:CD1
0	vdw	A:LYS:667:NZ	A:TRP:577:CE2
0	vdw	A:LYS:667:NZ	A:TRP:577:CZ2
0	vdw	A:LEU:603:CD2	A:TRP:577:CZ3
0	vdw	A:LEU:603:CD2	A:TRP:577:CH2
0	vdw	A:LEU:671:N	A:THR:668:C
0	vdw	A:LEU:671:N	A:THR:668:O
0	vdw	A:LEU:671:CB	A:THR:668:O
0	vdw	A:LEU:672:N	A:THR:668:O
0	vdw	A:LEU:669:C	A:LEU:671:N
0	vdw	A:LEU:669:O	A:LEU:671:N
0	vdw	A:LEU:671:N	A:LYS:667:O
0	vdw	A:LEU:670:N	A:THR:668:C
0	vdw	A:LEU:670:N	A:THR:668:O
0	vdw	A:LEU:669:C	A:LEU:672:N
0	vdw	A:LEU:669:O	A:LEU:672:N
0	vdw	A:LEU:669:O	A:LEU:672:CA
0	vdw	A:LEU:669:O	A:SER:673:CB
0	vdw	A:LEU:669:CA	A:MET:666:O
0	vdw	A:ARG:690:CD	A:LEU:672:O
0	vdw	A:ARG:690:NE	A:LEU:672:O
0	vdw	A:ARG:690:NH2	A:PHE:774:CE1
0	vdw	A:ARG:690:NH2	A:PHE:774:CZ
0	vdw	A:GLU:537:O	A:GLU:540:N
0	vdw	A:GLU:537:O	A:GLU:540:CB
0	vdw	A:GLU:540:N	A:LEU:536:O
0	vdw	A:GLU:540:CB	A:LEU:536:O
0	vdw	A:CYS:665:O	A:THR:668:N
0	vdw	A:MET:666:C	A:THR:668:N
0	vdw	A:MET:666:O	A:THR:668:N
0	vdw	A:CYS:665:O	A:THR:668:CB
0	vdw	A:CYS:665:O	A:LEU:669:N
0	vdw	A:LEU:669:N	A:MET:666:C
0	vdw	A:LEU:669:N	A:MET:666:O
0	vdw	A:LEU:664:O	A:THR:668:N
0	vdw	A:LEU:664:O	A:THR:668:OG1
0	vdw	A:LEU:669:N	A:LYS:667:C
0	vdw	A:LEU:669:N	A:LYS:667:O
0	vdw	A:LEU:669:CD2	A:TYR:693:CB
0	vdw	A:ILE:694:CG1	A:LEU:669:CD2
0	vdw	A:CYS:665:O	A:LEU:669:CG
0	vdw	A:LEU:536:C	A:VAL:538:N
0	vdw	A:LEU:536:O	A:VAL:538:N
0	vdw	A:GLU:537:N	A:LEU:664:CD1
0	vdw	A:GLU:537:CA	A:LEU:664:CD1
0	vdw	A:LEU:536:CA	A:VAL:533:O
0	vdw	A:LEU:536:C	A:VAL:533:O
0	vdw	A:GLU:537:N	A:VAL:533:O
0	vdw	A:LEU:536:CB	A:VAL:533:O
0	vdw	A:LEU:536:CD1	A:LEU:664:C
0	vdw	A:LEU:536:CD1	A:THR:668:OG1
0	vdw	A:LEU:536:CD1	A:LEU:664:O
0	vdw	A:LYS:695:N	A:TYR:693:C
0	vdw	A:GLU:696:N	A:TYR:693:C
0	vdw	A:GLU:696:N	A:TYR:693:O
0	vdw	A:GLU:696:CA	A:TYR:693:O
0	vdw	A:GLU:696:CB	A:TYR:693:O
0	vdw	A:LEU:697:CB	A:TYR:693:O
0	vdw	A:LEU:697:N	A:TYR:693:O
0	vdw	A:GLU:537:CB	A:VAL:533:O
0	vdw	A:CYS:665:SG	A:VAL:533:CG1
0	vdw	A:LYS:695:O	A:LYS:699:CG
0	vdw	A:LEU:697:N	A:LYS:695:C
0	vdw	A:GLY:698:N	A:LYS:695:C
0	vdw	A:LEU:697:N	A:LYS:695:O
0	vdw	A:GLY:698:N	A:LYS:695:O
0	vdw	A:GLY:698:C	A:LYS:695:O
0	vdw	A:GLU:696:C	A:GLY:698:N
0	vdw	A:GLY:698:CA	A:LYS:695:O
0	vdw	A:LYS:695:O	A:LYS:699:N
0	vdw	A:GLU:696:C	A:LYS:699:N
0	vdw	A:GLU:696:N	A:ILE:694:C
0	vdw	A:GLU:696:N	A:ILE:694:O
0	vdw	A:CYS:665:SG	A:GLU:696:C
0	vdw	A:CYS:665:SG	A:GLU:696:CB
0	vdw	A:GLU:696:O	A:LYS:699:CB
0	vdw	A:PHE:740:O	A:THR:744:OG1
0	vdw	A:LYS:743:N	A:PHE:740:O
0	vdw	A:LEU:741:CD2	A:MET:745:SD
0	vdw	A:LEU:741:C	A:LYS:743:N
0	vdw	A:LEU:741:O	A:LYS:743:N
0	vdw	A:ASP:742:N	A:THR:739:O
0	vdw	A:ASP:742:N	A:PHE:740:C
0	vdw	A:ASP:742:N	A:THR:739:CG2
0	vdw	A:ASP:742:N	A:PHE:740:O
0	vdw	A:LEU:741:N	A:THR:739:O
0	vdw	A:LYS:743:N	A:THR:739:O
0	vdw	A:LYS:743:CB	A:THR:739:O
0	vdw	A:ASP:742:CB	A:THR:739:O
0	vdw	A:ASP:742:C	A:GLN:738:NE2
0	vdw	A:GLN:738:NE2	A:LYS:743:N
0	vdw	A:LEU:741:N	A:THR:739:C
0	vdw	A:LEU:741:N	A:THR:739:CG2
0	vdw	A:GLN:738:CD	A:LYS:743:CB
0	vdw	A:ASP:742:CG	A:THR:739:CG2
0	vdw	A:ASP:742:OD1	A:THR:739:CG2
0	vdw	A:ASP:742:CB	A:THR:739:CG2
0	vdw	A:MET:565:CB	A:THR:562:O
0	vdw	A:ASN:564:C	A:LEU:566:N
0	vdw	A:MET:565:N	A:THR:561:O
0	vdw	A:MET:565:N	A:THR:562:O
0	vdw	A:LEU:563:C	A:MET:565:N
0	vdw	A:MET:565:CA	A:THR:562:O
0	vdw	A:ASN:564:O	A:GLY:567:N
0	vdw	A:ASN:564:O	A:GLY:568:N
0	vdw	A:LEU:733:CD1	A:VAL:729:CG1
0	vdw	A:GLY:567:N	A:MET:565:C
0	vdw	A:GLY:567:N	A:MET:565:O
0	vdw	A:GLY:568:N	A:MET:565:O
0	vdw	A:GLY:568:N	A:LEU:566:C
0	vdw	A:LEU:566:N	A:THR:562:O
0	vdw	A:GLN:570:N	A:GLY:567:C
0	vdw	A:GLN:570:N	A:GLY:567:O
0	vdw	A:GLY:567:N	A:LEU:563:O
0	vdw	A:GLY:567:CA	A:LEU:563:O
0	vdw	A:ARG:569:CZ	A:TYR:545:O
0	vdw	A:ARG:569:NH1	A:TYR:545:O
0	vdw	A:ARG:569:NH2	A:TYR:545:O
0	vdw	A:ARG:569:NH1	A:LEU:566:CD1
0	vdw	A:GLN:570:N	A:LEU:566:O
0	vdw	A:GLN:570:CB	A:LEU:566:O
0	vdw	A:GLN:570:CG	A:LEU:566:O
0	vdw	A:GLY:568:N	A:LEU:566:O
0	vdw	A:GLN:570:CB	A:MET:604:SD
0	vdw	A:GLN:570:CB	A:MET:604:CE
0	vdw	A:MET:604:CB	A:TRP:600:O
0	vdw	A:MET:604:CG	A:TRP:600:O
0	vdw	A:MET:604:SD	A:TRP:600:O
0	vdw	A:MET:604:SD	A:TRP:600:CE3
0	vdw	A:GLN:570:NE2	A:MET:604:CG
0	vdw	A:GLN:570:NE2	A:MET:604:CE
0	vdw	A:SER:602:N	A:TRP:600:C
0	vdw	A:SER:602:N	A:TRP:600:O
0	vdw	A:MET:601:N	A:SER:599:O
0	vdw	A:LEU:603:N	A:TRP:600:O
0	vdw	A:MET:604:N	A:TRP:600:O
0	vdw	A:LEU:603:N	A:MET:601:C
0	vdw	A:SER:599:O	A:SER:602:N
0	vdw	A:SER:599:O	A:SER:602:CB
0	vdw	A:SER:599:O	A:SER:602:CA
0	vdw	A:SER:602:N	A:VAL:729:CG2
0	vdw	A:HIS:726:CE1	A:LYS:771:CB
0	vdw	A:HIS:726:CE1	A:LYS:771:CG
0	vdw	A:HIS:726:NE2	A:LYS:771:CB
0	vdw	A:LEU:773:N	A:LYS:771:O
0	vdw	A:MET:604:N	A:SER:602:C
0	vdw	A:ALA:605:N	A:LEU:603:C
0	vdw	A:LEU:603:O	A:PHE:606:N
0	vdw	A:MET:604:N	A:SER:602:O
0	vdw	A:LEU:603:CD2	A:LYS:667:O
0	vdw	A:ALA:607:N	A:LEU:603:O
0	vdw	A:LEU:603:N	A:SER:599:O
0	vdw	A:LEU:603:CG	A:SER:599:O
0	vdw	A:LEU:603:N	A:MET:601:O
0	vdw	A:MET:601:O	A:MET:604:N
0	vdw	A:ALA:607:CB	A:LEU:603:O
0	vdw	A:SER:602:CB	A:VAL:729:CG2
0	vdw	A:HIS:726:NE2	A:LEU:772:O
0	vdw	A:HIS:726:CD2	A:LEU:772:O
0	vdw	A:ASP:723:OD1	A:LEU:773:CA
0	vdw	A:GLU:540:CD	A:LYS:667:CE
0	vdw	A:GLU:540:OE1	A:LYS:667:CE
0	vdw	A:GLU:540:OE2	A:LYS:667:CE
0	vdw	A:LYS:667:CE	A:TYR:663:CZ
0	vdw	A:LYS:667:CE	A:TYR:663:OH
0	vdw	A:LYS:667:CD	A:TYR:663:CZ
0	vdw	A:LYS:667:CD	A:TYR:663:OH
0	vdw	A:LEU:670:CA	A:LYS:667:O
0	vdw	A:LEU:670:CB	A:LYS:667:O
0	vdw	A:LEU:670:N	A:LYS:667:C
0	vdw	A:LEU:670:N	A:LYS:667:O
0	vdw	A:LEU:670:CG	A:MET:666:O
0	vdw	A:LEU:670:CG	A:LEU:722:CD2
0	vdw	A:LEU:670:CD2	A:LEU:722:CD2
0	vdw	A:LEU:670:CD2	A:SER:602:OG
0	vdw	A:ASP:723:OD1	A:PHE:774:CD1
0	vdw	A:HIS:775:N	A:LEU:773:C
0	vdw	A:ASP:723:OD1	A:LEU:773:C
0	vdw	A:GLU:540:CD	A:LYS:667:NZ
0	vdw	A:GLU:540:OE2	A:LYS:667:NZ
0	vdw	A:LYS:667:CB	A:TYR:663:O
0	vdw	A:MET:666:N	A:TYR:663:O
0	vdw	A:LYS:667:N	A:TYR:663:O
0	vdw	A:LEU:664:O	A:LYS:667:N
0	vdw	A:CYS:665:N	A:TYR:663:O
0	vdw	A:MET:666:CB	A:TYR:663:O
0	vdw	A:CYS:665:C	A:LYS:667:N
0	vdw	A:CYS:665:O	A:LYS:667:N
0	vdw	A:CYS:665:O	A:LEU:669:CD1
0	vdw	A:LEU:669:CB	A:MET:666:O
0	vdw	A:GLU:662:O	A:MET:666:N
0	vdw	A:GLU:662:O	A:MET:666:CA
0	vdw	A:LEU:670:N	A:MET:666:O
0	vdw	A:LEU:722:CD2	A:MET:666:O
0	vdw	A:PHE:774:CG	A:THR:719:CB
0	vdw	A:PHE:774:CD2	A:THR:719:CG2
0	vdw	A:GLU:540:CG	A:TYR:660:OH
0	vdw	A:GLU:661:O	A:LEU:664:N
0	vdw	A:GLU:661:O	A:LEU:664:CB
0	vdw	A:LEU:664:N	A:TYR:660:O
0	vdw	A:LEU:664:CG	A:TYR:660:O
0	vdw	A:GLU:662:C	A:LEU:664:N
0	vdw	A:GLU:662:O	A:LEU:664:N
0	vdw	A:LEU:664:C	A:MET:666:N
0	vdw	A:CYS:665:N	A:GLU:661:O
0	vdw	A:CYS:665:SG	A:GLU:661:O
0	vdw	A:CYS:665:N	A:GLU:662:O
0	vdw	A:CYS:665:CB	A:LEU:697:CA
0	vdw	A:CYS:665:SG	A:GLU:696:O
0	vdw	A:CYS:665:SG	A:LEU:697:N
0	vdw	A:GLU:661:O	A:TYR:663:N
0	vdw	A:CYS:665:N	A:TYR:663:C
0	vdw	A:ILE:694:O	A:LEU:697:CB
0	vdw	A:PHE:715:CE1	A:THR:719:CG2
0	vdw	A:GLU:661:C	A:TYR:663:N
0	vdw	A:ALA:700:CB	A:GLU:696:O
0	vdw	A:ALA:700:CB	A:LEU:697:O
0	vdw	A:GLU:696:O	A:GLY:698:N
0	vdw	A:GLU:696:O	A:LYS:699:N
0	vdw	A:GLU:696:O	A:LYS:699:CA
0	vdw	A:ALA:700:N	A:GLU:696:O
0	vdw	A:LEU:697:C	A:LYS:699:N
0	vdw	A:ALA:700:N	A:LEU:697:C
0	vdw	A:LEU:697:O	A:LYS:699:N
0	vdw	A:ALA:700:N	A:LEU:697:O
0	vdw	A:ALA:700:N	A:GLY:698:C
0	vdw	A:ILE:701:N	A:LEU:697:O
0	vdw	A:ILE:701:CG1	A:LEU:697:O
0	vdw	A:ALA:700:C	A:LEU:697:O
0	vdw	A:ILE:694:O	A:LEU:697:N
0	vdw	A:ILE:694:O	A:LEU:697:CA
0	vdw	A:GLY:698:N	A:ILE:694:O
0	vdw	A:GLU:661:CD	A:LYS:703:NZ
0	vdw	A:GLU:661:OE1	A:LYS:703:NZ
0	vdw	A:GLU:661:OE2	A:LYS:703:NZ
0	vdw	A:GLU:661:OE1	A:LYS:703:CD
0	vdw	A:ALA:700:CA	A:LEU:697:O
0	vdw	A:ALA:700:N	A:GLY:698:O
0	vdw	A:GLY:698:O	A:VAL:702:N
0	vdw	A:LYS:699:O	A:VAL:702:N
0	vdw	A:GLY:698:O	A:VAL:702:CG2
0	vdw	A:GLY:698:O	A:VAL:702:CB
0	vdw	A:LYS:699:O	A:LYS:703:N
0	vdw	A:GLY:698:O	A:ILE:701:N
0	vdw	A:GLY:698:O	A:ILE:701:CB
0	vdw	A:ILE:701:N	A:LYS:699:C
0	vdw	A:LYS:699:O	A:LYS:703:CB
0	vdw	A:LEU:741:CB	A:THR:739:CG2
0	vdw	A:ASP:742:OD2	A:THR:739:CB
0	vdw	A:ASP:742:OD2	A:THR:739:CG2
0	vdw	A:ASP:742:OD2	A:THR:739:N
0	vdw	A:CYS:736:SG	A:GLN:738:N
0	vdw	A:CYS:736:SG	A:GLN:738:CA
0	vdw	A:CYS:736:SG	A:GLN:738:C
0	vdw	A:CYS:736:SG	A:GLN:738:O
0	vdw	A:CYS:736:C	A:GLN:738:N
0	vdw	A:PHE:737:N	A:TYR:735:O
0	vdw	A:LEU:733:O	A:TYR:735:N
0	vdw	A:ASN:564:N	A:THR:561:C
0	vdw	A:ASN:564:N	A:THR:561:O
0	vdw	A:ASN:564:CB	A:THR:561:O
0	vdw	A:ASN:564:CA	A:THR:561:O
0	vdw	A:LEU:563:N	A:THR:561:C
0	vdw	A:LEU:563:N	A:THR:561:O
0	vdw	A:ASN:564:N	A:THR:562:C
0	vdw	A:ASN:564:N	A:THR:562:O
0	vdw	A:ASN:564:N	A:MET:560:O
0	vdw	A:ASN:564:CB	A:MET:560:O
0	vdw	A:LEU:733:N	A:VAL:729:O
0	vdw	A:LEU:733:CB	A:VAL:729:O
0	vdw	A:LEU:733:CG	A:VAL:729:O
0	vdw	A:LEU:733:CG	A:VAL:729:CG1
0	vdw	A:ASN:731:C	A:LEU:733:N
0	vdw	A:ASN:731:O	A:LEU:733:N
0	vdw	A:GLU:730:O	A:LEU:733:N
0	vdw	A:LEU:733:C	A:TYR:735:N
0	vdw	A:ALA:546:O	A:THR:562:CG2
0	vdw	A:LEU:566:CB	A:THR:562:O
0	vdw	A:ILE:559:O	A:LEU:563:N
0	vdw	A:LEU:563:N	A:MET:560:C
0	vdw	A:LEU:563:N	A:MET:560:O
0	vdw	A:ILE:559:O	A:LEU:563:CA
0	vdw	A:LEU:732:N	A:VAL:729:C
0	vdw	A:LEU:732:N	A:VAL:729:O
0	vdw	A:LEU:732:CA	A:VAL:729:O
0	vdw	A:ASN:731:N	A:VAL:729:C
0	vdw	A:ASN:731:N	A:VAL:729:O
0	vdw	A:LEU:732:CB	A:VAL:729:O
0	vdw	A:LEU:732:C	A:VAL:729:O
0	vdw	A:GLU:730:N	A:HIS:726:O
0	vdw	A:GLU:727:O	A:GLU:730:N
0	vdw	A:GLU:730:N	A:VAL:728:O
0	vdw	A:GLU:730:N	A:VAL:728:C
0	vdw	A:GLU:730:CG	A:LYS:771:NZ
0	vdw	A:GLU:730:OE2	A:LYS:771:NZ
0	vdw	A:GLU:730:CD	A:LYS:771:NZ
0	vdw	A:GLY:547:N	A:TYR:545:C
0	vdw	A:ASP:626:OD2	A:GLY:547:N
0	vdw	A:ASP:626:OD2	A:GLY:547:CA
0	vdw	A:LEU:566:CD1	A:TYR:545:O
0	vdw	A:ALA:546:N	A:ASP:626:CG
0	vdw	A:ASP:626:OD1	A:TYR:545:C
0	vdw	A:ALA:546:N	A:ASP:626:OD1
0	vdw	A:ALA:546:CB	A:ASP:626:OD1
0	vdw	A:ALA:546:N	A:ASP:626:OD2
0	vdw	A:ALA:546:CB	A:THR:562:CG2
0	vdw	A:ALA:546:N	A:ALA:624:CB
0	vdw	A:ALA:546:CB	A:ALA:624:CB
0	vdw	A:ALA:546:C	A:TYR:548:N
0	vdw	A:ALA:605:CB	A:MET:601:O
0	vdw	A:ALA:605:N	A:MET:601:O
0	vdw	A:SER:602:CA	A:VAL:729:CG2
0	vdw	A:MET:725:O	A:VAL:729:CB
0	vdw	A:MET:725:O	A:VAL:729:CG2
0	vdw	A:GLU:727:N	A:MET:725:C
0	vdw	A:GLU:727:N	A:MET:725:O
0	vdw	A:MET:725:O	A:VAL:728:N
0	vdw	A:HIS:726:C	A:VAL:728:N
0	vdw	A:ASP:723:O	A:HIS:726:N
0	vdw	A:HIS:726:N	A:SER:724:C
0	vdw	A:HIS:726:N	A:SER:724:O
0	vdw	A:GLU:730:CG	A:HIS:726:O
0	vdw	A:GLU:730:OE2	A:HIS:726:O
0	vdw	A:MET:725:O	A:VAL:728:CB
0	vdw	A:MET:725:O	A:VAL:729:N
0	vdw	A:GLU:730:CB	A:HIS:726:O
0	vdw	A:ASP:723:O	A:HIS:726:CB
0	vdw	A:ASP:723:O	A:HIS:726:CG
0	vdw	A:ASP:626:CG	A:TYR:545:CD1
0	vdw	A:ASP:626:OD1	A:TYR:545:CA
0	vdw	A:ALA:624:CB	A:LEU:544:O
0	vdw	A:LEU:544:O	A:PRO:625:CD
0	vdw	A:ARG:611:NH2	A:LEU:608:CD1
0	vdw	A:ARG:611:NH2	A:CYS:622:O
0	vdw	A:ARG:611:NH2	A:PHE:623:CA
0	vdw	A:ALA:607:C	A:ARG:611:NH1
0	vdw	A:ARG:611:NH2	A:LEU:608:CA
0	vdw	A:ARG:611:CZ	A:PHE:623:O
0	vdw	A:ARG:611:NH2	A:PHE:623:C
0	vdw	A:ARG:611:NH2	A:PHE:623:O
0	vdw	A:LEU:608:N	A:MET:604:O
0	vdw	A:MET:604:C	A:PHE:606:N
0	vdw	A:MET:604:O	A:PHE:606:N
0	vdw	A:LEU:608:CA	A:MET:604:O
0	vdw	A:LEU:608:CB	A:MET:604:O
0	vdw	A:LEU:608:N	A:PHE:606:C
0	vdw	A:LEU:608:N	A:PHE:606:O
0	vdw	A:ALA:605:O	A:LEU:608:N
0	vdw	A:ALA:605:N	A:SER:602:O
0	vdw	A:PHE:606:N	A:SER:602:O
0	vdw	A:MET:725:CE	A:SER:602:O
0	vdw	A:PHE:606:CB	A:SER:602:O
0	vdw	A:ALA:605:C	A:ALA:607:N
0	vdw	A:MET:725:CB	A:SER:602:OG
0	vdw	A:LEU:670:CD1	A:SER:602:OG
0	vdw	A:LEU:721:O	A:MET:725:CG
0	vdw	A:LEU:722:O	A:MET:725:CB
0	vdw	A:LEU:722:O	A:MET:725:N
0	vdw	A:LEU:722:O	A:MET:725:CA
0	vdw	A:LEU:722:O	A:SER:724:N
0	vdw	A:ASP:723:O	A:HIS:726:CD2
0	vdw	A:ASP:723:CB	A:LEU:773:CD2
0	vdw	A:HIS:726:CD2	A:LEU:773:CD2
0	vdw	A:ASP:723:CB	A:THR:719:O
0	vdw	A:ASP:723:CA	A:LYS:720:O
0	vdw	A:ASP:723:CB	A:LYS:720:O
0	vdw	A:ASP:723:O	A:MET:725:N
0	vdw	A:HIS:775:O	A:LEU:773:CB
0	vdw	A:HIS:775:O	A:LEU:773:CD1
0	vdw	A:ASP:723:CG	A:LEU:773:CD2
0	vdw	A:ARG:611:CD	A:VAL:543:CG2
0	vdw	A:PRO:625:CD	A:VAL:543:CG2
0	vdw	A:ALA:607:CA	A:TYR:663:OH
0	vdw	A:ALA:607:CB	A:TYR:663:OH
0	vdw	A:ALA:607:C	A:GLY:609:N
0	vdw	A:ALA:607:C	A:TRP:610:N
0	vdw	A:ALA:607:O	A:GLY:609:N
0	vdw	A:ALA:607:O	A:TRP:610:N
0	vdw	A:ALA:607:O	A:ARG:611:N
0	vdw	A:ALA:607:O	A:TRP:610:CA
0	vdw	A:ALA:607:O	A:TRP:610:C
0	vdw	A:ALA:607:O	A:TRP:610:CB
0	vdw	A:ALA:607:O	A:ARG:611:CB
0	vdw	A:ALA:607:O	A:ARG:611:CG
0	vdw	A:LEU:670:CD1	A:PHE:606:CB
0	vdw	A:LEU:670:CD1	A:PHE:606:CG
0	vdw	A:LEU:670:CD1	A:PHE:606:CD2
0	vdw	A:PHE:606:CD2	A:TYR:663:CE1
0	vdw	A:GLY:609:N	A:PHE:606:C
0	vdw	A:GLY:609:N	A:PHE:606:O
0	vdw	A:GLY:609:CA	A:PHE:606:O
0	vdw	A:GLY:609:C	A:PHE:606:O
0	vdw	A:PHE:606:O	A:TRP:610:N
0	vdw	A:PHE:606:O	A:TRP:610:CB
0	vdw	A:LEU:670:CD1	A:PHE:606:CD1
0	vdw	A:PHE:606:CD1	A:VAL:649:CG1
0	vdw	A:MET:725:SD	A:PHE:606:CD1
0	vdw	A:LEU:722:CB	A:THR:719:O
0	vdw	A:LEU:718:O	A:LEU:722:CG
0	vdw	A:LEU:722:C	A:SER:724:N
0	vdw	A:ASP:723:N	A:THR:719:O
0	vdw	A:ASP:723:OD1	A:THR:719:O
0	vdw	A:ASP:723:CG	A:THR:719:O
0	vdw	A:ASP:723:OD1	A:PHE:774:N
0	vdw	A:ASP:723:OD1	A:PHE:774:CA
0	vdw	A:ASP:723:OD1	A:PHE:774:CB
0	vdw	A:ASP:723:N	A:LYS:720:O
0	vdw	A:LEU:722:N	A:THR:719:O
0	vdw	A:ASP:723:N	A:LEU:721:C
0	vdw	A:ASP:723:N	A:LEU:721:O
0	vdw	A:ASP:723:CG	A:PHE:774:N
0	vdw	A:ASP:723:OD2	A:PHE:774:N
0	vdw	A:ASP:723:OD2	A:PHE:774:CA
0	vdw	A:ASP:723:OD2	A:PHE:774:C
0	vdw	A:ASP:723:OD2	A:HIS:775:N
0	vdw	A:ASP:723:OD2	A:HIS:775:CA
0	vdw	A:ASP:723:OD2	A:HIS:775:CG
0	vdw	A:ASP:723:OD2	A:HIS:775:CD2
0	vdw	A:ASP:723:OD2	A:HIS:775:CB
0	vdw	A:ASP:723:OD2	A:HIS:775:O
0	vdw	A:TRP:610:CD1	A:TYR:663:CE2
0	vdw	A:TRP:610:CD1	A:TYR:663:CZ
0	vdw	A:TRP:610:CG	A:TYR:663:CE2
0	vdw	A:TRP:610:CB	A:TYR:663:CZ
0	vdw	A:TRP:610:CG	A:TYR:663:CZ
0	vdw	A:PHE:606:CE2	A:TYR:663:CD1
0	vdw	A:PHE:606:CE2	A:TYR:663:CE1
0	vdw	A:TRP:610:CE3	A:TYR:663:CG
0	vdw	A:TRP:610:CE3	A:TYR:663:CD1
0	vdw	A:TRP:610:CD2	A:TYR:663:CG
0	vdw	A:TRP:610:CB	A:TYR:663:CD1
0	vdw	A:TRP:610:CG	A:TYR:663:CD1
0	vdw	A:TRP:610:CD2	A:TYR:663:CD1
0	vdw	A:TRP:610:CD2	A:TYR:663:CD2
0	vdw	A:TRP:610:CB	A:TYR:663:CE1
0	vdw	A:TRP:610:CG	A:TYR:663:CE1
0	vdw	A:MET:666:CB	A:PHE:606:CE2
0	vdw	A:MET:666:CB	A:PHE:606:CZ
0	vdw	A:GLU:662:O	A:MET:666:CB
0	vdw	A:GLU:662:O	A:MET:666:CG
0	vdw	A:GLU:662:O	A:MET:666:SD
0	vdw	A:LEU:718:O	A:MET:666:CE
0	vdw	A:LEU:721:CD2	A:MET:666:CE
0	vdw	A:PHE:715:O	A:THR:719:CB
0	vdw	A:PHE:715:O	A:THR:719:CG2
0	vdw	A:PHE:774:CB	A:THR:719:CB
0	vdw	A:HIS:775:CE1	A:THR:719:OG1
0	vdw	A:HIS:775:NE2	A:THR:719:OG1
0	vdw	A:THR:719:OG1	A:TYR:716:C
0	vdw	A:THR:719:OG1	A:TYR:716:O
0	vdw	A:TRP:610:CE2	A:TYR:660:CD1
0	vdw	A:TRP:610:CZ2	A:TYR:660:CD1
0	vdw	A:TYR:660:CD1	A:TYR:663:CD2
0	vdw	A:TYR:660:CE1	A:TYR:663:CD2
0	vdw	A:SER:659:O	A:TYR:663:N
0	vdw	A:SER:659:O	A:TYR:663:CB
0	vdw	A:TYR:660:O	A:TYR:663:N
0	vdw	A:TYR:660:O	A:TYR:663:CA
0	vdw	A:TYR:660:O	A:TYR:663:C
0	vdw	A:TYR:660:O	A:TYR:663:CB
0	vdw	A:GLU:662:CA	A:SER:659:O
0	vdw	A:GLU:662:CB	A:SER:659:O
0	vdw	A:GLU:661:N	A:SER:659:O
0	vdw	A:TYR:660:C	A:TYR:663:N
0	vdw	A:TRP:610:CZ3	A:TYR:663:CB
0	vdw	A:GLU:662:N	A:SER:659:O
0	vdw	A:GLU:662:N	A:TYR:660:O
0	vdw	A:TRP:610:CE3	A:TYR:663:CB
0	vdw	A:GLU:662:CB	A:VAL:658:CG1
0	vdw	A:GLN:717:N	A:PHE:715:O
0	vdw	A:LEU:718:N	A:PHE:715:O
0	vdw	A:PHE:715:O	A:THR:719:OG1
0	vdw	A:PHE:715:O	A:THR:719:N
0	vdw	A:PHE:715:CD2	A:TRP:712:CE3
0	vdw	A:GLU:662:N	A:SER:659:OG
0	vdw	A:GLU:662:CG	A:SER:659:OG
0	vdw	A:GLU:662:N	A:TYR:660:C
0	vdw	A:GLU:661:N	A:SER:659:C
0	vdw	A:GLU:662:CD	A:SER:659:OG
0	vdw	A:GLU:662:OE1	A:SER:659:OG
0	vdw	A:GLU:662:CB	A:SER:659:OG
0	vdw	A:TRP:610:CH2	A:TYR:660:N
0	vdw	A:TRP:610:CZ2	A:TYR:660:CA
0	vdw	A:TRP:610:CH2	A:TYR:660:CA
0	vdw	A:GLU:662:OE2	A:ILE:701:CG1
0	vdw	A:ILE:701:CG1	A:LEU:718:CD1
0	vdw	A:ASN:711:O	A:PHE:715:CB
0	vdw	A:PHE:715:CB	A:TRP:712:O
0	vdw	A:ILE:701:CD1	A:PHE:715:CA
0	vdw	A:ALA:700:O	A:ARG:704:N
0	vdw	A:ARG:704:N	A:ILE:701:O
0	vdw	A:ALA:700:O	A:ARG:704:CB
0	vdw	A:ARG:704:N	A:VAL:702:C
0	vdw	A:ALA:700:C	A:VAL:702:N
0	vdw	A:ILE:701:C	A:LYS:703:N
0	vdw	A:ILE:701:O	A:LYS:703:N
0	vdw	A:GLU:705:N	A:ILE:701:O
0	vdw	A:ARG:704:CB	A:ILE:701:O
0	vdw	A:GLU:662:OE2	A:ILE:701:CA
0	vdw	A:SER:708:O	A:TRP:712:CD1
0	vdw	A:GLU:705:OE2	A:LYS:703:O
0	vdw	A:GLU:705:N	A:LYS:703:C
0	vdw	A:GLU:705:OE2	A:VAL:702:O
0	vdw	A:THR:561:OG1	A:TRP:557:CE2
0	vdw	A:THR:561:OG1	A:TRP:557:CZ2
0	vdw	A:THR:561:OG1	A:TRP:557:CD2
0	vdw	A:THR:561:CB	A:TRP:557:O
0	vdw	A:THR:561:OG1	A:TRP:557:O
0	vdw	A:MET:560:N	A:TRP:557:O
0	vdw	A:THR:561:N	A:TRP:557:O
0	vdw	A:THR:561:CA	A:TRP:557:O
0	vdw	A:ILE:559:N	A:TRP:557:O
0	vdw	A:LEU:732:O	A:TYR:735:N
0	vdw	A:ASN:731:O	A:ASN:734:CB
0	vdw	A:ARG:558:O	A:THR:562:OG1
0	vdw	A:ARG:558:O	A:MET:560:N
0	vdw	A:ARG:558:O	A:THR:561:N
0	vdw	A:ARG:558:O	A:THR:562:N
0	vdw	A:ARG:558:O	A:THR:562:CB
0	vdw	A:THR:562:OG1	A:TYR:548:CD2
0	vdw	A:ILE:559:C	A:THR:561:N
0	vdw	A:ILE:559:O	A:THR:561:N
0	vdw	A:ILE:559:O	A:THR:562:N
0	vdw	A:MET:560:C	A:THR:562:N
0	vdw	A:ILE:559:O	A:LEU:563:CB
0	vdw	A:ILE:559:O	A:LEU:563:CG
0	vdw	A:ARG:558:C	A:MET:560:N
0	vdw	A:MET:560:N	A:THR:556:O
0	vdw	A:GLN:642:NE2	A:MET:560:CE
0	vdw	A:MET:560:CB	A:THR:556:O
0	vdw	A:LEU:732:O	A:TYR:735:CD1
0	vdw	A:ASN:734:N	A:LEU:732:O
0	vdw	A:ASN:731:O	A:TYR:735:CD1
0	vdw	A:LEU:732:CA	A:TYR:735:CD1
0	vdw	A:ASN:731:O	A:ASN:734:N
0	vdw	A:ASN:734:N	A:LEU:732:C
0	vdw	A:ASN:731:O	A:TYR:735:CE1
0	vdw	A:ASP:626:OD2	A:TYR:548:N
0	vdw	A:ILE:559:O	A:THR:562:CB
0	vdw	A:LEU:563:CD2	A:PHE:623:CG
0	vdw	A:LEU:563:CD2	A:PHE:623:CD1
0	vdw	A:LEU:563:CD1	A:PHE:623:CE2
0	vdw	A:LEU:563:CD2	A:PHE:623:CD2
0	vdw	A:LEU:732:CB	A:VAL:728:O
0	vdw	A:LEU:732:CG	A:VAL:728:O
0	vdw	A:HIS:645:CB	A:LEU:732:CD2
0	vdw	A:LEU:732:N	A:VAL:728:O
0	vdw	A:ASN:731:N	A:VAL:728:O
0	vdw	A:GLU:730:C	A:LEU:732:N
0	vdw	A:ASN:731:CB	A:VAL:728:O
0	vdw	A:GLU:730:O	A:LEU:732:N
0	vdw	A:GLU:727:O	A:GLU:730:CB
0	vdw	A:ASN:731:N	A:GLU:727:O
0	vdw	A:ASN:731:ND2	A:GLU:727:O
0	vdw	A:LEU:608:CD2	A:PHE:623:CD1
0	vdw	A:LEU:608:CD2	A:PHE:623:CE1
0	vdw	A:LEU:608:CD1	A:PHE:623:CD1
0	vdw	A:LEU:621:CD1	A:PHE:623:CZ
0	vdw	A:LEU:627:O	A:PHE:623:CB
0	vdw	A:LEU:608:CD2	A:MET:646:SD
0	vdw	A:GLU:727:C	A:VAL:729:N
0	vdw	A:SER:724:O	A:VAL:728:CG2
0	vdw	A:TYR:648:CD2	A:VAL:728:CG2
0	vdw	A:GLU:727:O	A:VAL:729:N
0	vdw	A:TYR:648:CE2	A:VAL:728:CG2
0	vdw	A:GLU:727:N	A:SER:724:O
0	vdw	A:GLU:727:CA	A:SER:724:O
0	vdw	A:SER:724:O	A:VAL:728:N
0	vdw	A:ALA:624:C	A:ASP:626:N
0	vdw	A:ALA:624:O	A:ASP:626:N
0	vdw	A:ALA:624:CB	A:ASP:626:OD1
0	vdw	A:LEU:627:N	A:PRO:625:C
0	vdw	A:ALA:624:N	A:CYS:622:C
0	vdw	A:ALA:624:N	A:CYS:622:O
0	vdw	A:ALA:624:C	A:LEU:627:N
0	vdw	A:ALA:624:O	A:LEU:627:N
0	vdw	A:ALA:624:N	A:LEU:627:O
0	vdw	A:ALA:624:O	A:LEU:627:C
0	vdw	A:ALA:624:O	A:LEU:627:O
0	vdw	A:ALA:624:O	A:LEU:627:CA
0	vdw	A:CYS:622:C	A:LEU:608:CD1
0	vdw	A:CYS:622:O	A:LEU:608:CD1
0	vdw	A:LEU:608:CD1	A:PHE:623:N
0	vdw	A:LEU:608:CD1	A:PHE:623:CA
0	vdw	A:ARG:611:NE	A:CYS:622:O
0	vdw	A:LEU:621:C	A:PHE:623:N
0	vdw	A:LEU:621:O	A:PHE:623:N
0	vdw	A:LEU:627:O	A:PHE:623:N
0	vdw	A:ALA:605:O	A:LEU:608:C
0	vdw	A:ALA:605:O	A:LEU:608:CB
0	vdw	A:LEU:608:C	A:TRP:610:N
0	vdw	A:LEU:608:CG	A:LEU:621:CD2
0	vdw	A:MET:646:O	A:VAL:649:CB
0	vdw	A:MET:725:SD	A:VAL:649:CG2
0	vdw	A:ASP:723:C	A:MET:725:N
0	vdw	A:LEU:721:C	A:SER:724:OG
0	vdw	A:LEU:721:O	A:SER:724:OG
0	vdw	A:LEU:721:CD1	A:SER:724:OG
0	vdw	A:LEU:721:O	A:MET:725:N
0	vdw	A:SER:724:OG	A:TYR:648:OH
0	vdw	A:GLU:727:CB	A:SER:724:O
0	vdw	A:LYS:720:O	A:SER:724:N
0	vdw	A:LYS:720:O	A:SER:724:CB
0	vdw	A:SER:724:CB	A:TYR:648:OH
0	vdw	A:ARG:611:CB	A:LEU:608:O
0	vdw	A:ARG:611:C	A:TYR:613:N
0	vdw	A:LEU:608:O	A:TRP:610:N
0	vdw	A:ARG:611:N	A:LEU:608:O
0	vdw	A:ARG:611:N	A:GLY:609:C
0	vdw	A:GLY:609:C	A:LEU:653:CD2
0	vdw	A:LEU:608:O	A:SER:612:CB
0	vdw	A:ALA:605:O	A:GLY:609:N
0	vdw	A:ALA:605:O	A:GLY:609:CA
0	vdw	A:LEU:608:O	A:SER:612:N
0	vdw	A:LEU:608:O	A:SER:612:OG
0	vdw	A:LEU:653:CD2	A:VAL:649:O
0	vdw	A:LEU:722:N	A:LYS:720:C
0	vdw	A:LEU:722:N	A:LYS:720:O
0	vdw	A:LEU:718:O	A:LEU:721:CA
0	vdw	A:LEU:718:O	A:LEU:721:CB
0	vdw	A:LEU:718:O	A:LEU:722:N
0	vdw	A:LEU:721:C	A:SER:724:N
0	vdw	A:LEU:721:O	A:SER:724:N
0	vdw	A:LEU:721:O	A:SER:724:CA
0	vdw	A:LEU:721:O	A:SER:724:CB
0	vdw	A:GLU:652:CB	A:LEU:721:CD1
0	vdw	A:HIS:775:CD2	A:LYS:720:CA
0	vdw	A:LYS:720:CB	A:TYR:716:O
0	vdw	A:GLN:717:O	A:LYS:720:CB
0	vdw	A:GLN:717:O	A:LEU:721:N
0	vdw	A:LEU:718:C	A:LEU:721:N
0	vdw	A:LEU:721:N	A:THR:719:C
0	vdw	A:HIS:775:CG	A:LYS:720:CD
0	vdw	A:HIS:775:CD2	A:LYS:720:CD
0	vdw	A:HIS:775:CD2	A:LYS:720:CG
0	vdw	A:HIS:775:CG	A:LYS:720:CE
0	vdw	A:HIS:775:CD2	A:LYS:720:CE
0	vdw	A:HIS:775:CB	A:LYS:720:CE
0	vdw	A:ARG:614:CB	A:TRP:610:O
0	vdw	A:TRP:610:O	A:TYR:613:CB
0	vdw	A:ARG:614:N	A:TRP:610:O
0	vdw	A:ARG:614:CA	A:TRP:610:O
0	vdw	A:TRP:610:O	A:TYR:613:N
0	vdw	A:SER:612:N	A:TRP:610:C
0	vdw	A:SER:612:N	A:TRP:610:O
0	vdw	A:TRP:610:CE3	A:TYR:613:CD2
0	vdw	A:LEU:653:CD1	A:LEU:721:CD2
0	vdw	A:LEU:653:CD1	A:VAL:658:CG2
0	vdw	A:LEU:718:O	A:LEU:721:N
0	vdw	A:THR:719:N	A:TYR:716:O
0	vdw	A:LYS:720:N	A:TYR:716:O
0	vdw	A:GLN:717:C	A:THR:719:N
0	vdw	A:GLN:717:O	A:THR:719:N
0	vdw	A:GLN:717:O	A:LYS:720:N
0	vdw	A:LEU:718:C	A:LYS:720:N
0	vdw	A:LYS:720:CG	A:TYR:716:O
0	vdw	A:HIS:775:NE2	A:TYR:716:O
0	vdw	A:HIS:775:NE2	A:LYS:720:N
0	vdw	A:LEU:718:N	A:TYR:716:O
0	vdw	A:ARG:714:O	A:GLN:717:C
0	vdw	A:HIS:775:CD2	A:LYS:720:N
0	vdw	A:HIS:775:CE1	A:TYR:716:CD2
0	vdw	A:HIS:775:NE2	A:LYS:720:CG
0	vdw	A:HIS:775:CE1	A:TYR:716:CE2
0	vdw	A:LYS:720:CG	A:TYR:716:CE1
0	vdw	A:ARG:614:CD	A:TRP:610:CE2
0	vdw	A:ARG:614:CD	A:TRP:610:CZ2
0	vdw	A:ARG:614:CD	A:TRP:610:CH2
0	vdw	A:TRP:610:CH2	A:VAL:658:O
0	vdw	A:SER:659:C	A:TRP:610:CH2
0	vdw	A:TRP:610:CZ3	A:VAL:658:O
0	vdw	A:TRP:610:CZ3	A:TYR:613:CE2
0	vdw	A:TYR:613:CE2	A:VAL:658:O
0	vdw	A:TRP:610:CZ3	A:TYR:613:CD2
0	vdw	A:LEU:718:CD2	A:VAL:658:CG2
0	vdw	A:GLU:662:OE1	A:VAL:658:CA
0	vdw	A:ARG:714:NH2	A:VAL:658:CA
0	vdw	A:LEU:656:CB	A:VAL:658:CG2
0	vdw	A:ARG:714:O	A:LEU:718:CB
0	vdw	A:ARG:714:O	A:LEU:718:CG
0	vdw	A:ARG:714:C	A:GLN:717:N
0	vdw	A:ARG:714:O	A:GLN:717:N
0	vdw	A:ARG:714:O	A:LEU:718:N
0	vdw	A:GLN:717:N	A:PHE:715:C
0	vdw	A:ARG:714:C	A:TYR:716:N
0	vdw	A:ARG:714:O	A:TYR:716:N
0	vdw	A:LEU:718:N	A:TYR:716:C
0	vdw	A:ARG:714:O	A:GLN:717:CA
0	vdw	A:ARG:714:O	A:GLN:717:CB
0	vdw	A:GLN:713:O	A:GLN:717:N
0	vdw	A:PHE:715:CA	A:TRP:712:O
0	vdw	A:TRP:712:O	A:TYR:716:N
0	vdw	A:TRP:712:O	A:TYR:716:CB
0	vdw	A:GLN:713:O	A:TYR:716:N
0	vdw	A:GLN:713:O	A:TYR:716:CA
0	vdw	A:GLN:713:O	A:TYR:716:C
0	vdw	A:GLN:713:O	A:TYR:716:CB
0	vdw	A:GLU:662:OE1	A:SER:659:N
0	vdw	A:GLU:662:OE1	A:SER:659:CB
0	vdw	A:GLN:657:O	A:SER:659:N
0	vdw	A:ARG:704:CD	A:GLU:662:CD
0	vdw	A:ARG:704:CD	A:GLU:662:OE1
0	vdw	A:ARG:714:NH2	A:GLU:662:OE1
0	vdw	A:ARG:704:CD	A:GLU:662:OE2
0	vdw	A:ARG:704:NE	A:ARG:714:NH2
0	vdw	A:ARG:714:NE	A:GLU:662:CD
0	vdw	A:ARG:714:NE	A:GLU:662:OE2
0	vdw	A:ARG:704:NE	A:GLN:657:O
0	vdw	A:ARG:714:NH2	A:GLN:657:O
0	vdw	A:ARG:704:CZ	A:ARG:714:NH2
0	vdw	A:GLU:662:CD	A:LEU:718:CD1
0	vdw	A:ARG:714:NH2	A:LEU:656:O
0	vdw	A:ARG:704:NH1	A:ARG:714:NE
0	vdw	A:ARG:714:N	A:ASN:711:O
0	vdw	A:ARG:714:CA	A:ASN:711:O
0	vdw	A:ARG:714:CB	A:ASN:711:O
0	vdw	A:ASN:711:O	A:PHE:715:N
0	vdw	A:ASN:711:O	A:GLN:713:N
0	vdw	A:ARG:714:N	A:TRP:712:C
0	vdw	A:ARG:714:N	A:TRP:712:O
0	vdw	A:PHE:715:N	A:TRP:712:O
0	vdw	A:ARG:714:N	A:GLN:710:O
0	vdw	A:ARG:714:CB	A:GLN:710:O
0	vdw	A:GLN:713:C	A:PHE:715:N
0	vdw	A:GLN:713:O	A:PHE:715:N
0	vdw	A:ASN:711:C	A:GLN:713:N
0	vdw	A:GLN:713:N	A:SER:709:O
0	vdw	A:GLN:710:C	A:TRP:712:N
0	vdw	A:ASN:711:N	A:SER:708:O
0	vdw	A:ASN:711:CG	A:SER:708:O
0	vdw	A:ASN:711:CG	A:SER:708:CA
0	vdw	A:ASN:711:N	A:SER:709:C
0	vdw	A:ASN:711:OD1	A:SER:708:O
0	vdw	A:SER:708:O	A:TRP:712:N
0	vdw	A:ASN:711:OD1	A:SER:708:N
0	vdw	A:ASN:711:OD1	A:SER:708:CA
0	vdw	A:ASN:711:OD1	A:SER:708:C
0	vdw	A:ASN:711:OD1	A:SER:708:CB
0	vdw	A:GLN:710:N	A:SER:708:O
0	vdw	A:SER:709:O	A:TRP:712:N
0	vdw	A:ASN:711:ND2	A:GLY:706:O
0	vdw	A:GLY:706:C	A:SER:708:N
0	vdw	A:ASN:707:C	A:SER:709:N
0	vdw	A:ASN:707:O	A:SER:709:N
0	vdw	A:GLN:710:N	A:SER:708:C
0	vdw	A:ARG:558:CD	A:SER:555:OG
0	vdw	A:ARG:558:CD	A:PRO:553:O
0	vdw	A:ARG:558:N	A:SER:555:OG
0	vdw	A:ARG:558:CG	A:SER:555:OG
0	vdw	A:SER:555:OG	A:TRP:557:N
0	vdw	A:ARG:558:N	A:THR:556:C
0	vdw	A:ARG:558:N	A:THR:556:O
0	vdw	A:ARG:558:CB	A:SER:555:OG
0	vdw	A:ARG:558:N	A:SER:555:O
0	vdw	A:ILE:559:N	A:THR:556:O
0	vdw	A:SER:555:O	A:TRP:557:N
0	vdw	A:ILE:559:N	A:TRP:557:C
0	vdw	A:SER:555:C	A:TRP:557:N
0	vdw	A:MET:560:CG	A:THR:556:O
0	vdw	A:PRO:637:O	A:THR:556:CG2
0	vdw	A:ARG:558:NE	A:VAL:552:CB
0	vdw	A:ARG:558:CZ	A:VAL:552:CB
0	vdw	A:ARG:558:NH2	A:VAL:552:CB
0	vdw	A:ARG:558:CZ	A:TYR:548:OH
0	vdw	A:ARG:558:NH2	A:TYR:548:OH
0	vdw	A:ARG:558:NH2	A:ASP:549:O
0	vdw	A:ARG:558:NE	A:PRO:553:O
0	vdw	A:ARG:558:CZ	A:TYR:548:CZ
0	vdw	A:ARG:558:NH2	A:TYR:548:CE1
0	vdw	A:ARG:558:NH2	A:TYR:548:CE2
0	vdw	A:ARG:558:NH2	A:TYR:548:CZ
0	vdw	A:ASP:554:CA	A:TYR:548:OH
0	vdw	A:ILE:559:CG1	A:TYR:548:OH
0	vdw	A:ASP:554:CG	A:TYR:548:OH
0	vdw	A:ASP:554:OD1	A:TYR:548:OH
0	vdw	A:ILE:559:N	A:SER:555:O
0	vdw	A:ILE:559:CB	A:SER:555:O
0	vdw	A:ILE:559:CG1	A:SER:555:O
0	vdw	A:ILE:559:CD1	A:SER:555:O
0	vdw	A:MET:560:SD	A:MET:639:CE
0	vdw	A:GLN:642:OE1	A:MET:560:SD
0	vdw	A:GLN:642:CG	A:TYR:735:CD2
0	vdw	A:GLN:642:CG	A:TYR:735:CE2
0	vdw	A:GLN:642:CG	A:TYR:735:CZ
0	vdw	A:ASP:638:O	A:GLN:642:CG
0	vdw	A:ASP:638:O	A:GLN:642:CD
0	vdw	A:ASP:638:O	A:GLN:642:OE1
0	vdw	A:ASP:641:OD1	A:TYR:735:CE2
0	vdw	A:ASP:641:OD1	A:TYR:735:CZ
0	vdw	A:ASP:641:C	A:TYR:735:OH
0	vdw	A:ASP:641:CG	A:TYR:735:OH
0	vdw	A:ASP:641:OD1	A:TYR:735:OH
0	vdw	A:HIS:645:CD2	A:TYR:735:OH
0	vdw	A:HIS:645:NE2	A:TYR:735:OH
0	vdw	A:ASP:641:O	A:TYR:735:OH
0	vdw	A:ASP:549:CG	A:SER:551:N
0	vdw	A:ASP:549:CG	A:SER:551:CB
0	vdw	A:ASP:549:CG	A:SER:551:OG
0	vdw	A:ASP:549:OD1	A:SER:551:N
0	vdw	A:ASP:549:OD2	A:SER:551:CB
0	vdw	A:ASP:549:OD2	A:SER:551:OG
0	vdw	A:ASP:549:C	A:SER:551:N
0	vdw	A:ASP:549:O	A:SER:551:N
0	vdw	A:ILE:559:CG1	A:TYR:548:CE2
0	vdw	A:ILE:559:CG1	A:TYR:548:CZ
0	vdw	A:ASP:554:OD1	A:TYR:548:CE1
0	vdw	A:ARG:633:NH1	A:TYR:548:CE1
0	vdw	A:ASP:554:OD1	A:TYR:548:CZ
0	vdw	A:GLN:642:C	A:MET:646:CE
0	vdw	A:GLN:642:O	A:MET:646:CE
0	vdw	A:CYS:643:CA	A:MET:646:CE
0	vdw	A:GLN:642:O	A:HIS:645:CB
0	vdw	A:GLN:642:O	A:HIS:645:CD2
0	vdw	A:GLN:642:C	A:LYS:644:N
0	vdw	A:GLN:642:O	A:LYS:644:N
0	vdw	A:GLN:642:O	A:HIS:645:N
0	vdw	A:ASN:731:CB	A:HIS:645:CG
0	vdw	A:ASN:731:CB	A:HIS:645:ND1
0	vdw	A:ASN:731:CB	A:HIS:645:CE1
0	vdw	A:ASN:731:CG	A:HIS:645:ND1
0	vdw	A:ASN:731:CG	A:HIS:645:CE1
0	vdw	A:ASN:731:OD1	A:HIS:645:CE1
0	vdw	A:ASP:641:O	A:HIS:645:CD2
0	vdw	A:ASP:641:O	A:HIS:645:NE2
0	vdw	A:ILE:629:CG1	A:PHE:623:CD2
0	vdw	A:ILE:629:CG1	A:PHE:623:CE2
0	vdw	A:LEU:621:CG	A:LEU:647:CD1
0	vdw	A:CYS:643:CB	A:LEU:621:CD1
0	vdw	A:CYS:643:SG	A:LEU:621:CD1
0	vdw	A:HIS:645:C	A:LEU:647:N
0	vdw	A:CYS:643:O	A:MET:646:N
0	vdw	A:LYS:644:C	A:MET:646:N
0	vdw	A:CYS:643:O	A:MET:646:CA
0	vdw	A:HIS:645:O	A:TYR:648:CB
0	vdw	A:ILE:628:CA	A:LEU:621:O
0	vdw	A:LEU:621:CA	A:SER:612:OG
0	vdw	A:CYS:622:N	A:SER:612:OG
0	vdw	A:CYS:622:N	A:LEU:620:C
0	vdw	A:CYS:622:N	A:LEU:620:O
0	vdw	A:ILE:628:C	A:LEU:621:O
0	vdw	A:ILE:629:N	A:LEU:621:O
0	vdw	A:LEU:621:CD2	A:SER:612:OG
0	vdw	A:LEU:621:CD2	A:LEU:647:CD1
0	vdw	A:LEU:621:CD2	A:MET:646:CB
0	vdw	A:LEU:620:O	A:SER:612:OG
0	vdw	A:MET:646:O	A:VAL:649:N
0	vdw	A:MET:646:O	A:SER:650:N
0	vdw	A:MET:646:C	A:TYR:648:N
0	vdw	A:MET:646:O	A:TYR:648:N
0	vdw	A:CYS:643:O	A:LEU:647:N
0	vdw	A:LEU:647:C	A:VAL:649:N
0	vdw	A:LEU:647:O	A:VAL:649:N
0	vdw	A:GLU:652:CG	A:TYR:648:CZ
0	vdw	A:CYS:622:SG	A:SER:612:CA
0	vdw	A:ARG:611:O	A:TYR:613:N
0	vdw	A:GLY:609:O	A:SER:612:N
0	vdw	A:ARG:611:O	A:GLN:615:N
0	vdw	A:ARG:611:O	A:GLN:615:CA
0	vdw	A:SER:612:O	A:SER:616:CB
0	vdw	A:SER:612:O	A:SER:616:OG
0	vdw	A:ARG:611:O	A:ARG:614:N
0	vdw	A:ARG:614:N	A:SER:612:O
0	vdw	A:ALA:618:CA	A:SER:612:O
0	vdw	A:SER:612:O	A:SER:616:N
0	vdw	A:SER:612:O	A:SER:616:CA
0	vdw	A:SER:612:O	A:SER:616:C
0	vdw	A:LEU:620:O	A:SER:612:CA
0	vdw	A:CYS:622:SG	A:LEU:620:O
0	vdw	A:ALA:618:N	A:SER:612:O
0	vdw	A:GLY:609:O	A:SER:612:CB
0	vdw	A:GLY:609:O	A:TYR:613:N
0	vdw	A:GLY:609:O	A:SER:650:OG
0	vdw	A:SER:612:C	A:SER:650:OG
0	vdw	A:SER:612:CB	A:SER:650:OG
0	vdw	A:SER:650:OG	A:TYR:613:N
0	vdw	A:GLY:609:O	A:SER:650:CA
0	vdw	A:GLY:609:O	A:SER:650:CB
0	vdw	A:SER:612:CB	A:SER:650:CB
0	vdw	A:GLY:609:O	A:TYR:613:CB
0	vdw	A:ARG:614:N	A:SER:612:C
0	vdw	A:SER:650:OG	A:TYR:613:CA
0	vdw	A:ALA:618:CA	A:SER:650:OG
0	vdw	A:ALA:618:CB	A:SER:650:OG
0	vdw	A:SER:612:C	A:SER:616:OG
0	vdw	A:LEU:620:O	A:SER:612:CB
0	vdw	A:SER:650:N	A:TYR:648:O
0	vdw	A:LEU:653:CB	A:SER:650:O
0	vdw	A:HIS:654:N	A:SER:650:O
0	vdw	A:SER:651:N	A:VAL:649:C
0	vdw	A:SER:651:N	A:VAL:649:O
0	vdw	A:LEU:653:N	A:VAL:649:O
0	vdw	A:LEU:653:N	A:SER:650:O
0	vdw	A:GLU:652:N	A:VAL:649:O
0	vdw	A:GLU:652:N	A:SER:650:C
0	vdw	A:GLU:652:N	A:SER:650:O
0	vdw	A:HIS:654:CB	A:SER:650:O
0	vdw	A:SER:650:N	A:TYR:648:C
0	vdw	A:ALA:618:CB	A:SER:650:O
0	vdw	A:LEU:647:O	A:SER:650:N
0	vdw	A:LEU:647:O	A:SER:650:CA
0	vdw	A:LEU:647:O	A:SER:650:CB
0	vdw	A:GLU:652:CB	A:TYR:648:O
0	vdw	A:GLU:652:CG	A:TYR:648:O
0	vdw	A:GLU:652:N	A:TYR:648:O
0	vdw	A:SER:651:N	A:TYR:648:O
0	vdw	A:ARG:655:NH2	A:GLU:652:OE2
0	vdw	A:GLU:652:CG	A:TYR:648:CE1
0	vdw	A:LYS:720:CE	A:TYR:716:CE1
0	vdw	A:LYS:720:CE	A:TYR:716:CZ
0	vdw	A:LYS:720:CE	A:TYR:716:OH
0	vdw	A:ARG:611:O	A:GLN:615:CB
0	vdw	A:ARG:611:O	A:GLN:615:CG
0	vdw	A:GLN:615:N	A:TYR:613:C
0	vdw	A:ARG:614:C	A:SER:616:N
0	vdw	A:LEU:653:CB	A:TYR:613:CD2
0	vdw	A:ALA:618:N	A:TYR:613:CA
0	vdw	A:SER:617:CA	A:TYR:613:O
0	vdw	A:SER:617:C	A:TYR:613:O
0	vdw	A:ALA:618:N	A:TYR:613:O
0	vdw	A:SER:617:N	A:TYR:613:O
0	vdw	A:GLU:652:C	A:HIS:654:N
0	vdw	A:GLU:652:O	A:HIS:654:N
0	vdw	A:ARG:655:N	A:LEU:653:C
0	vdw	A:HIS:654:N	A:SER:651:O
0	vdw	A:HIS:654:N	A:SER:651:C
0	vdw	A:ARG:655:N	A:GLU:652:C
0	vdw	A:ARG:655:N	A:GLU:652:O
0	vdw	A:GLU:652:O	A:LEU:656:CB
0	vdw	A:GLU:652:O	A:LEU:656:N
0	vdw	A:LEU:653:N	A:SER:651:C
0	vdw	A:HIS:654:CA	A:TYR:613:CE1
0	vdw	A:GLN:657:CA	A:TYR:613:OH
0	vdw	A:GLN:657:N	A:LEU:653:O
0	vdw	A:GLN:657:CA	A:LEU:653:O
0	vdw	A:LEU:653:O	A:VAL:658:N
0	vdw	A:GLN:657:NE2	A:TYR:613:OH
0	vdw	A:LEU:656:C	A:VAL:658:N
0	vdw	A:LEU:656:O	A:VAL:658:N
0	vdw	A:ARG:655:C	A:GLN:657:N
0	vdw	A:ARG:714:CZ	A:LEU:656:O
0	vdw	A:ARG:714:NH1	A:LEU:656:O
0	vdw	A:GLN:657:N	A:HIS:654:O
0	vdw	A:GLN:657:N	A:HIS:654:C
0	vdw	A:GLN:713:O	A:GLN:717:CB
0	vdw	A:GLN:713:O	A:GLN:717:CG
0	vdw	A:ARG:704:NH2	A:GLN:657:O
0	vdw	A:ARG:704:NH2	A:GLN:657:CB
0	vdw	A:ARG:704:CZ	A:ARG:714:CZ
0	vdw	A:GLN:713:CB	A:SER:709:O
0	vdw	A:ARG:704:NH1	A:ARG:714:CZ
0	vdw	A:GLN:710:CD	A:GLN:713:CB
0	vdw	A:GLN:710:OE1	A:GLN:713:CB
0	vdw	A:GLN:710:OE1	A:GLN:713:CG
0	vdw	A:GLN:710:OE1	A:GLN:713:CD
0	vdw	A:GLN:710:OE1	A:GLN:713:OE1
0	vdw	A:PRO:637:O	A:THR:556:CB
0	vdw	A:PRO:637:C	A:THR:556:OG1
0	vdw	A:PRO:637:O	A:THR:556:OG1
0	vdw	A:LEU:636:CB	A:THR:556:OG1
0	vdw	A:MET:639:N	A:PRO:637:C
0	vdw	A:MET:639:N	A:PRO:637:O
0	vdw	A:ASP:638:N	A:LEU:636:C
0	vdw	A:ASP:638:N	A:LEU:636:O
0	vdw	A:SER:550:C	A:VAL:552:N
0	vdw	A:SER:550:O	A:VAL:552:N
0	vdw	A:ASP:554:N	A:VAL:552:O
0	vdw	A:PRO:553:O	A:SER:555:N
0	vdw	A:ILE:559:CD1	A:LEU:636:CD2
0	vdw	A:ARG:633:CA	A:LEU:636:CD2
0	vdw	A:ARG:633:O	A:LEU:636:CD2
0	vdw	A:LEU:636:O	A:MET:639:CB
0	vdw	A:ARG:633:O	A:MET:639:CB
0	vdw	A:MET:634:O	A:MET:639:CB
0	vdw	A:ARG:633:O	A:MET:639:CG
0	vdw	A:LEU:636:CB	A:MET:639:CG
0	vdw	A:ASP:638:O	A:GLN:642:N
0	vdw	A:ASP:638:C	A:TYR:640:N
0	vdw	A:LEU:636:O	A:MET:639:N
0	vdw	A:GLN:642:N	A:TYR:640:C
0	vdw	A:GLN:642:N	A:TYR:640:O
0	vdw	A:SER:550:C	A:VAL:552:O
0	vdw	A:SER:550:O	A:VAL:552:O
0	vdw	A:ARG:633:NH1	A:ASP:554:CG
0	vdw	A:ARG:633:NH1	A:ASP:554:OD1
0	vdw	A:ARG:633:NH1	A:ASP:554:OD2
0	vdw	A:ARG:633:CD	A:ASP:554:CG
0	vdw	A:ARG:633:CG	A:ASP:554:OD2
0	vdw	A:ARG:633:CD	A:ASP:554:OD2
0	vdw	A:ARG:633:CD	A:ILE:559:CD1
0	vdw	A:ARG:633:CB	A:ASN:630:ND2
0	vdw	A:ARG:633:CG	A:ASN:630:ND2
0	vdw	A:MET:634:CE	A:MET:639:C
0	vdw	A:MET:634:CE	A:MET:639:O
0	vdw	A:CYS:643:CB	A:MET:634:CE
0	vdw	A:CYS:643:SG	A:MET:634:CE
0	vdw	A:CYS:643:N	A:MET:639:O
0	vdw	A:CYS:643:CA	A:MET:639:O
0	vdw	A:CYS:643:CB	A:MET:639:O
0	vdw	A:CYS:643:SG	A:MET:639:O
0	vdw	A:CYS:643:N	A:TYR:640:O
0	vdw	A:CYS:643:CB	A:MET:634:SD
0	vdw	A:ASP:641:N	A:MET:639:C
0	vdw	A:ASP:641:N	A:MET:639:O
0	vdw	A:GLN:642:N	A:MET:639:O
0	vdw	A:ASP:641:C	A:CYS:643:N
0	vdw	A:MET:634:O	A:TYR:640:N
0	vdw	A:LYS:644:N	A:TYR:640:O
0	vdw	A:LYS:644:CB	A:TYR:640:O
0	vdw	A:LYS:644:CG	A:TYR:640:O
0	vdw	A:ASP:641:O	A:LYS:644:CG
0	vdw	A:LYS:644:CA	A:TYR:640:O
0	vdw	A:LYS:644:CD	A:TYR:640:CE2
0	vdw	A:LYS:644:CD	A:TYR:640:CZ
0	vdw	A:ARG:633:NE	A:ILE:628:O
0	vdw	A:ARG:633:CZ	A:ILE:628:O
0	vdw	A:ARG:633:NH2	A:ILE:628:O
0	vdw	A:ASN:630:N	A:ILE:628:C
0	vdw	A:ASN:630:N	A:ILE:628:O
0	vdw	A:ILE:629:CG2	A:MET:634:CE
0	vdw	A:CYS:643:O	A:LEU:647:CD2
0	vdw	A:CYS:643:C	A:HIS:645:N
0	vdw	A:CYS:643:O	A:HIS:645:N
0	vdw	A:CYS:643:O	A:LEU:647:CB
0	vdw	A:LYS:644:O	A:TYR:648:N
0	vdw	A:ILE:628:CG2	A:LEU:620:CB
0	vdw	A:ILE:628:CG2	A:LEU:620:CD1
0	vdw	A:LEU:620:O	A:SER:616:OG
0	vdw	A:LEU:647:O	A:SER:651:N
0	vdw	A:LEU:647:O	A:SER:651:CB
0	vdw	A:LEU:620:N	A:SER:616:OG
0	vdw	A:ASN:619:N	A:SER:616:OG
0	vdw	A:ALA:618:C	A:LEU:620:N
0	vdw	A:ALA:618:N	A:SER:616:OG
0	vdw	A:ASN:619:N	A:SER:617:C
0	vdw	A:ASN:619:N	A:SER:617:O
0	vdw	A:ALA:618:CB	A:HIS:654:CB
0	vdw	A:ARG:655:NE	A:GLU:652:CD
0	vdw	A:ARG:655:NE	A:GLU:652:OE1
0	vdw	A:ALA:618:N	A:SER:616:C
0	vdw	A:ALA:618:N	A:SER:616:O
0	vdw	A:ASN:619:ND2	A:SER:616:C
0	vdw	A:ASN:619:ND2	A:SER:616:O
0	vdw	A:ASN:619:N	A:SER:616:C
0	vdw	A:ASN:619:N	A:SER:616:O
0	vdw	A:ASN:619:CB	A:SER:616:O
0	vdw	A:ASN:619:CG	A:SER:616:O
0	vdw	A:ASN:619:CA	A:SER:616:O
0	vdw	A:ASN:619:ND2	A:SER:617:CB
0	vdw	A:HIS:654:CB	A:SER:651:O
0	vdw	A:HIS:654:C	A:SER:651:O
0	vdw	A:ARG:655:N	A:SER:651:O
0	vdw	A:ARG:655:CA	A:SER:651:O
0	vdw	A:ARG:655:CB	A:SER:651:O
0	vdw	A:HIS:654:C	A:LEU:656:N
0	vdw	A:GLN:657:NE2	A:HIS:654:O
0	vdw	A:HIS:654:O	A:LEU:656:N
0	vdw	A:GLN:657:CG	A:HIS:654:O
0	vdw	A:GLN:632:O	A:LEU:636:CD1
0	vdw	A:ARG:633:CA	A:LEU:636:CD1
0	vdw	A:ARG:633:C	A:LEU:636:CD1
0	vdw	A:ARG:633:O	A:LEU:636:CB
0	vdw	A:ARG:633:O	A:LEU:636:CG
0	vdw	A:ARG:633:O	A:LEU:636:CD1
0	vdw	A:ARG:633:O	A:LEU:636:N
0	vdw	A:LEU:636:N	A:MET:634:C
0	vdw	A:LEU:636:N	A:MET:634:O
0	vdw	A:ASN:630:CG	A:GLN:632:CG
0	vdw	A:ASN:630:ND2	A:GLN:632:CG
0	vdw	A:GLN:632:C	A:MET:634:N
0	vdw	A:GLN:632:O	A:MET:634:N
0	vdw	A:GLN:632:O	A:THR:635:N
0	vdw	A:ARG:633:C	A:THR:635:N
0	vdw	A:ASN:630:ND2	A:GLN:632:C
0	vdw	A:ARG:633:N	A:ASN:630:O
0	vdw	A:ARG:633:N	A:ASN:630:ND2
0	vdw	A:ARG:633:CA	A:ASN:630:ND2
0	vdw	A:ARG:633:N	A:GLU:631:C
0	vdw	A:GLN:632:O	A:THR:635:OG1
0	vdw	A:ARG:633:O	A:THR:635:N
0	vdw	A:GLU:631:O	A:MET:634:CB
0	vdw	A:ASN:630:C	A:GLN:632:N
0	vdw	A:ASN:630:O	A:GLN:632:N
0	vdw	A:ASN:630:ND2	A:GLN:632:N
0	vdw	A:ASN:630:CA	A:LEU:620:CD2
0	vdw	A:ASN:630:O	A:MET:634:N
0	vdw	A:ASN:630:O	A:MET:634:CB
0	vdw	A:ASN:630:ND2	A:GLN:632:CA
0	vdw	A:GLU:631:O	A:THR:635:CG2
